sentiment,skin_type_mentioned,key_benefit,complaint,customer_representative_reply,dark_spot_effect
Negatif,dryskin,Harganya terjangkau,Vit C tidak terlalu nampak hasilnya dan bikin agak cekat cekit di wajah,"Terima kasih atas review Anda tentang produk sunscreen kami. Kami sangat menyesal mendengar bahwa produk kami tidak memberikan hasil yang diharapkan pada kulit Anda, terutama dengan masalah cekat cekit. Kami ingin memahami lebih lanjut tentang pengalaman Anda. Silakan hubungi kami langsung agar kami dapat membantu Anda dengan lebih baik. Kami juga akan mempertimbangkan umpan balik Anda untuk perbaikan produk di masa depan.",
Positif,,Mencerahkan wajah dan harga terjangkau,,"Terima kasih atas review positifnya! Kami senang mendengar bahwa produk Azarine, termasuk sunscreen, telah membantu mencerahkan wajah Anda. Kami akan terus berusaha memberikan produk berkualitas dengan harga yang terjangkau. Jangan lupa untuk memantau akun kami untuk flash sale dan promo menarik lainnya!",
Negatif,sensitif,tidak mengalami iritasi,"wangi parfum terlalu kuat, tidak ada hasil mencerahkan atau memudarkan, kulit tetap kusam","Terima kasih atas ulasan Anda tentang produk sunscreen kami. Kami sorry bahwa wangi parfum produk kami terlalu kuat untuk Anda dan tidak memberikan hasil yang diharapkan. Kami akan mempertimbangkan ulasan Anda untuk perbaikan produk di masa depan. Jika Anda memiliki kulit sensitif, kami menyarankan untuk melakukan tes patch sebelum menggunakan produk kami. Kami berharap Anda akan memberi kami kesempatan lain untuk membantu Anda menemukan produk yang tepat.",
Positif,,"Membuat kulit lebih cerah, lembap, dan fresh tanpa lengket",,"Terima kasih atas review positif Anda! Kami sangat senang mendengar bahwa Azarine C White Lightening Serum telah membantu membuat kulit Anda terlihat lebih cerah dan sehat. Kami berharap Anda terus menggunakan produk kami dan merasakan manfaatnya. Jika Anda memiliki pertanyaan atau membutuhkan rekomendasi, jangan ragu untuk menghubungi kami.",
Netral,"Kulit normal hingga kombinasi, kulit sensitif","Mencerahkan dan menyamarkan noda hitam, tekstur gel ringan, cepat meresap, dan harga terjangkau",Dapat menyebabkan kulit kering dan munculnya jerawat baru jika digunakan terlalu sering,"Terima kasih atas review Anda tentang produk serum Vitamin C dan Niacinamide kami. Kami senang mendengar bahwa produk kami dapat mencerahkan dan menyamarkan noda hitam pada kulit Anda. Namun, kami juga memahami bahwa beberapa pengguna mungkin mengalami efek samping seperti kulit kering dan jerawat baru. Kami sarankan menggunakan produk ini dengan bijak dan tidak berlebihan, serta melakukan patch test sebelum menggunakan pada area yang lebih luas. Jika Anda memiliki kulit sensitif, sebaiknya konsultasikan dengan dokter atau ahli kulit sebelum menggunakan produk kami. Kami berkomitmen untuk menyediakan produk yang aman dan efektif bagi semua pelanggan kami.",
Negatif,N/A,"Cerah, fragrance","After pemakaian lengket, bangun tidur malah kusem","Terima kasih atas review Anda. Kami sangat menghargai kesediaan Anda untuk mencoba produk kami. Kami tidak senang mendengar bahwa produk kami tidak memenuhi harapan Anda. Kami akan menggunakan feedback Anda untuk meningkatkan kualitas produk kami. Jika Anda memiliki kekhawatiran tentang efek sampingan produk kami, silakan hubungi kami untuk bantuan lebih lanjut.",
Positif,N/A,Membuat kulit terlihat lebih cerah dan merata,None,Terima kasih sudah mencoba Azarine - Lightening Serum C White! Kami senang mendengar bahwa produk kami telah membantu Anda mencapai kulit yang lebih cerah dan merata. Kami akan terus berusaha untuk menyediakan produk yang berkualitas dan original. Saya juga ingin mengucapkan terima kasih atas rekomendasi yang Anda berikan!,
Positif,N/A,Menonjolkan efek whitening pada kulit dan melindungi kulit dari sinar matahari,Produk sudah tidak tersedia lagi,"Terima kasih telah memulai perjalanan dengan produk kami! Kami sayang bahwa Anda tidak dapat menemukan produk ini lagi, tetapi kami senang Anda menikmati manfaatnya. Jika Anda memiliki penawaran produk lain yang cocok untuk Anda, jangan ragu untuk menghubungi kami!",
Positif,Beruntus,Membantu memudarkan bekas jerawat dan meningkatkan tekstur kulit,None,"Terima kasih atas ulasan Anda! Kami senang untuk mengetahui bahwa produk Sunscreen Kami membantu membuat kulit Anda lebih mending dan lembut. Kami juga senang untuk mengetahui bahwa Anda dapat menemukan produk kami dengan mudah di toko kosmetik terdekat. Jika Anda memiliki pertanyaan atau saran, jangan sungkan untuk menghubungi kami. Teruslah menikmati kelebihan produk kami!",
Positif,berminyak,"Membuat kulit menjadi bersih, flawless, dan terasa seger",None,"Terima kasih sudah memilih produk kami, Azarine! Kami senang Anda merasakan kelebihan produk kami. Dengan skincare yang tepat, kulit yang sehat dan bersih tentu akan membuat Anda terasa lebih percaya diri. Kami akan kontinyu berusaha untuk meningkatkan kualitas produk kami. Terima kasih atas kepercayaan Anda.",
Positif,normal to oily,"Membuat muka lebih cerah, sehat, dan seimbang pH wajah",None,Terima kasih sudah memilih produk kami! Kami senang mendengar bahwa produk kami telah membantu Anda meningkatkan kesehatan kulit. Kami akan terus berusaha untuk memberikan produk yang berkualitas dan membantu Anda terus memiliki kulit yang sehat dan cerah. Salam sukses!,
Positif,Tidak disebutkan,Mengurangi kulit yang banyak dark spot karena jerawat dan membuat kulit lebih cerah,"Harus pakai secara rutin dan konsisten, tapi tidak disebutkan sebagai keluhan utama","Terimakasih telah memilih produk kami, serum vitamin C Azarine. Kami senang Anda telah mendapatkan manfaat dari produk kami. Untuk hasil yang lebih optimal, kami sarankan Anda terus menggunakan produk secara konsisten dan rutin.",
Positif,N/A,"Mencerahkan wajah, menyamarkan noda hitam, meratakan warna kulit, dan membuat kulit glowing, lembab, dan sehat",None,Terima kasih atas ulasan positif Anda tentang produk sunscreen kami! Kami senang mendengar bahwa produk kami telah membantu membersihkan wajah Anda dan membuatnya terlihat lebih sehat dan glowing. Kami akan terus bekerja untuk memberikan produk berkualitas terbaik untuk Anda.,
Positif,N/A,"Mudah meresap, melembabkan, dan nggak lengket",None,"Terima kasih sudah mencoba serum azarine! Kami senang mendengar bahwa Anda menemukan manfaat dari produk kami. Semingguan pakai kulit Anda yang cerah pasti membuat kami bahagia! Jika Anda memiliki pertanyaan atau ingin mencoba produk lainnya, jangan ragu untuk menghubungi kami.",
Positif,berminyak,"muka jadi cerahan, lembab",ngabikin kulit sedikit berminyk,"Terima kasih sudah menggunakan produk sunscreen kami. Kami senang mendengar bahwa Anda merasakan manfaat positif dari produk kita, seperti kulit yang lembab dan wajah yang cerahkan. Kami juga mengerti bahwa Anda pernah mengalami sedikit masalah berminyak, dan kami akan mencoba untuk menyesuaikan produk kami agar lebih sesuai dengan jenis kulit Anda. Jika Anda memiliki saran atau pertanyaan, jangan ragu untuk menghubungi kami. Kami selalu berada di sini untuk membantu.",
Positif,N/A,Menghilangkan/mengurangi bekas jerawat,None,"Terima kasih telah memilih produk kami dan kami senang mengetahui bahwa Anda puas dengan kualitas dan kemudahan penggunaan produk kami.
Selain itu, kami paham bahwa kulit Anda pernah mengalami jerawat, namun produk kami dapat membantu mengurangi bekasnya.
Kami juga ingin memastikan bahwa Anda menggunakan produk kami dengan cara yang tepat, sehingga Anda dapat menikmati hasil yang lebih maksimal. Jika Anda memiliki pertanyaan atau memerlukan bantuan lebih lanjut, silakan hubungi kami.",
Netral,N/A,"Cukup melembabkan dan tidak bikin breakout, juga memiliki tekstur light dan wanginya seger",Tidak ada perubahan apa-apa,"Terima kasih telah memilih produk kami! Kami senang Anda puas dengan tekstur dan wanginya produk kami. Jika Anda memiliki saran atau pertanyaan, silakan hubungi kami. Kami selalu ingin meningkatkan produk kami untuk memenuhi kebutuhan Anda.",
Positif,N/A,Mudah dan jarang jerawatan dengan cerahan kulit,"Hanya complaint-nya kurang jelas (bauny ga ganggu, agak cair dan cepat meresap, ga bikin greasy)","Terima kasih atas review Anda!
Kami senang produk kami sudah membantu kulit Anda tetap sehat dan cerah. Untuk informasi lebih lanjut tentang produk kami, silakan hubungi kami di [email/IG official] Kami akan dengan senang hati membantu.",
Negatif,berminyak,"Teksturnya cair agak kental, warnanya sedikit kekuningan, dan baunya cukup wangi","Efeknya di aku kurang nampol, wajah jadi sedikit berminyak dan agak lengket habis dipakai",Terima kasih atas review Anda! Kami senang Anda mencoba produk kami. Kami memahami bahwa produk kami mungkin tidak sesuai dengan jenis kulit Anda. Kami akan membantu Anda menemukan produk yang lebih sesuai. Silakan hubungi kami untuk informasi lebih lanjut.,
Positif,N/A,Memberikan hasil yang bagus dan tidak berminyak,None,Terima kasih telah memilih produk AZARINE sunscreen! Kami senang Anda puas dengan hasilnya. Harga dan kualitas produk kami telah dirancang untuk memenuhi kebutuhan Anda. Kami senang menjadi pilihan Anda!,
Positif,badak (kulit berminyak),produk ini dapat digunakan sebagai pemula karena harganya terjangkau dan dapat ditemukan di toko offline/online,efek mencerahkan berkurang beberapa minggu setelah pemakaian (mungkin berhubungan dengan jenis kulit yang tidak disebutkan secara spesifik),"Terima kasih atas review Anda! Kami senang mendengar bahwa Anda menikmati kualitas Sunscreen kami. Jika Anda memiliki pertanyaan atau kekhawatiran setelah menggunakan produk kami, silakan menghubungi kami. Kami senang membantu membahas masalah efek mencerahkan yang Anda alami.",
Netral,N/A,Merangsang penampilan dan memberikan efek hidrasi,Kurang langsung menampakkan efeknya,"Terima kasih telah bereksperimen dengan produk kami Azarine. Kami senang kamu menemukan efek hidrasi pada wajahmu, meskipun kamu mungkin membutuhkan beberapa waktu untuk melihat perbedaannya. Kami juga memahami keinginan kamu untuk efek langsung, dan kami akan mempertimbangkan saran ini dalam pengembangan kemudian.",
Positif,kulit badak,"Efeknya lama dan gak terlalu kelihatan, worth to buy","Di kulit badak, hasilnya agak lama yah di kulit aku, tidak terlalu signifikan perubahannya di kulit ku",Terima kasih telah memilih produk kami. Kami senang Anda merasakan kegunaan produk kami dan kami paham bahwa setiap kulit memiliki kebutuhan yang berbeda-beda. Kami akan senantiasa meningkatkan kualitas produk kami untuk memenuhi kebutuhan pelanggan kami. Apakah Anda memiliki pertanyaan atau memerlukan bantuan lebih lanjut? Silakan hubungi kami.,
Positif,N/A,"Mudah diaplikasikan, bahan aman, tidak menyebabkan iritasi, harga terjangkau, efek mencerahkan",Aroma yang kurang disukai,"Terima kasih atas ulasan Anda! Kami senang Anda puas dengan tekstur dan kandungan bahan produk kami. Kami akan mengambil feedback tentang aroma produk dan berusaha untuk meningkatkan kenyamanan penggunaan produk kami. Jika Anda memiliki saran atau pertanyaan, jangan ragu untuk menghubungi kami.",
Positif,berminyak,Mencerahkan wajah dan menenangkan kulit berminyak yang parah,Sulit ditemukan dan isinya sedikit,"Terima kasih telah mencoba produk kami! Kami senang mengetahui bahwa produk kami dapat membantu kulit Anda menjadi lebih cerah dan tenang. Kami mengerti bahwa Anda sedang mengalami kesulitan menemukan produk kami karena stok yang terbatas. Kami akan memastikan bahwa stok kami selalu tersedia dalam jumlah yang cukup untuk kebutuhan Anda. Untuk isinya yang sedikit, kami akan mempertimbangkan untuk meningkatkan jumlah bahan di formula produk kami di masa depan. Terima kasih atas feedback Anda dan kami akan terus bekerja untuk memberikan produk yang lebih baik untuk Anda!",
Negatif,N/A,Aman digunakan pada kulit,Kurang powerful kandungan vitamin C dan tidak efektif dalam menghilangkan bekas jerawat dan noda hitam,"Terima kasih sudah melakukan review tentang produk Azarine. Kami menghargai umpan balik Anda dan senang mengetahui bahwa produk kita aman digunakan pada kulit. Kami akan mempertimbangkan kembangkan kandungan vitamin C dalam produk kami untuk memberikan hasil yang lebih baik. Jika Anda memiliki saran atau kritik lainnya, silakan beritahu kami. Kami akan terus berusaha untuk memberikan produk terbaik bagi Anda. Terima kasih lagi atas kesediaan Anda menggunakan produk Azarine.",
Positif,N/A,Membuat kulit lebih cerahan dan lebih halus,None,Terima kasih atas pilihannya untuk produk serum kami! Kami senang Anda telah puas dengan hasilnya. Kami percaya Anda akan menemukan varian lain yang sesuai dengan kebutuhan kulit Anda di kami juga. Kami akan selalu berusaha untuk meningkatkan kualitas produk kami dan memberikan pilihan yang lebih luas untuk Anda.,
Positif,N/A,Membantu permasalahan kulit wajah dan tekstur serum yang cepat meresap.,None,Terima kasih sudah memilih serum kami sebagai favorit! Kami senang serum kami berhasil membantu permasalahan kulit wajahmu. Kami berharap kamu melanjutkan menggunakan produk kami dan berbagi pengalaman positif lainnya dengan kami.,
Negatif,N/A,Efek dari produk serum Vit C,"Produk tidak memiliki efek, oksidasi yang cepat, produk tidak diproduksi lagi","Terima kasih atas ulasan Anda. Kami senang untuk memahami kesan Anda pada produk kami. Kami akan mencoba untuk mengembangkan produk yang lebih baik untuk Anda di masa depan. Jika Anda memiliki pertanyaan atau saran, jangan ragu untuk menghubungi kami.",
Positif,N/A,Produk sunscreen membuat kulit cerahan dan tidak kering.,None,"Terima kasih atas review Anda! Kami senang mengetahui bahwa produk kami berhasil memberikan hasil yang positif untuk kulit Anda. Sama seperti yang Anda sebutkan, produk kami dirancang untuk memberikan perlindungan yang efektif sambil membantu menjaga kelembaban kulit. Jika Anda memiliki pertanyaan atau kebutuhan lebih lanjut, jangan ragu untuk menghubungi kami.",
Positif,N/A,"Mencerahkan, memberikan kelembaban, dan membuat kulit lebih lembut",None,"Terima kasih atas ulasanmu yang sangat positif! Kami senang menyampaikan bahwa Azarine Lightening Serum merupakan salah satu produk kecintaan kami juga. Kami akan terus mengevaluasi dan meningkatkan kualitas produk kami untuk memberikan hasil yang lebih baik. Jika kamu memiliki pertanyaan atau saran, jangan ragu untuk menghubungi kami!",
Netral,N/A,Melumasi kulit,"Tekstur produk terlalu cair, meresapnya lama, dan tidak menyempurnakan penyinaran kulit","Terima kasih telah membagikan pengalaman Anda pada produk kami. Kami senang mengetahui bahwa produk kami dapat membantu melumasi kulit Anda. Sayangnya, kami menyadari bahwa tekstur produk kami mungkin tidak memenuhi ekspektasi Anda. Kami akan berusaha untuk meningkatkan produk kami agar lebih baik. Jika Anda memiliki saran atau kritik, silakan kirimkan kepada kami melalui kotak komentar. Kami di sini untuk membantu.",
Netral,Berminyak/Kombinasi to oily skin,Mencerahkan,Teksturnya masih oily pada wajah yang memiliki kulit kombinasi to oily skin,"Terima kasih telah memilih produk sunsceen Azarine. Kami senang mengetahui bahwa produk kami sudah mencerahkan kulit Anda. Untuk teksturnya yang oily, kami telah membahasnya dengan tim penelitian kami untuk meningkatkan kualitas produk. Untuk Anda yang memiliki kulit kombinasi to oily skin, kami sarankan Anda mencoba produk yang dioptimalkan untuk jenis kulit Anda. Jika Anda memiliki pertanyaan lain, silakan hubungi kami.",
Positif,N/A,"Produk mudah digunakan, mencerahkan wajah dalam waktu 2 minggu",None,Terima kasih atas ulasan positif Anda! Kami senang produk kami dapat membantu Anda mencapai hasil yang diinginkan. Semoga Anda terus puas dengan produk kami!,
Positif,N/A,mencerahkan,"bukan memutihkan, hasilnya tidak instant","Terima kasih sudah mencoba produk sunscreen kami! Kami senang Anda merasa puas dengan hasilnya. Selain itu, kami ingin menjelaskan bahwa produk kami dirancang untuk memberikan perlindungan dan mencerahkan kulit, tidak untuk memutihkan. Kami berharap Anda terus bisa menggunakannya dan merasakan manfaatnya. Jika Anda memiliki pertanyaan atau saran, silakan hubungi kami kembali.",
Positif,berminyak,Sehat dan lebih cerah,None, Terima kasih atas review positif Anda atas produk serum sunscrenn kami! Kami senang mendengar bahwa produk kami berhasil dalam menjaga kulit Anda yang berminyak menjadi sehat dan cerah. Kami akan terus berkomitmen untuk menghadirkan produk yang berkualitas tinggi untuk kebutuhan kulit Anda. Kami akan senang menyambut Anda kembali dalam pengalaman berbelanja yang lebih baik! ,
Positif,N/A,"Cocok untuk kantong pelajar, mudah meresap, harga murah, dan aman dibawa traveling",None,"Terima kasih kamu telah mencoba serum dari Azarine! Kami senang sekali melihat kamu puas dengan kualitas produk kami. Di Azarine, kami selalu berusaha untuk menyediakan produk yang berkualitas tinggi dan harga yang terjangkau. Kami berharap kamu akan terus menikmati produk kami dan kami akan terus berusaha untuk meningkatkan kualitas kami. Terima kasih atas kepercayaanmu dan kami akan terus berusaha untuk memberikan yang terbaik!",
Negatif,berminyak dan sesat (acne prone),ingin ngilangin bekas jerawat,"produk tidak cocok, mengakibatkan bruntusan, dan jerawat",Terima kasih atas review Anda. Kami sangat menyesal jika produk kami tidak sesuai dengan kebutuhan kulit Anda. Kami akan senang membantu Anda menemukan produk yang tepat untuk jenis kulit Anda. Silakan hubungi kami untuk informasi lebih lanjut tentang produk kami dan panduan penanganan kulit yang lebih baik.,
Positif,berminyak dan kering,"produk ini mudah di blend, tidak menyebabkan whitecast, dan harga murah",None,Terima kasih telah menggunakan produk kami dan membagikan ulasan positif tentang kandungan serta manfaat yang kami berikan. Kami senang mengetahui bahwa produk kami cocok digunakan oleh berbagai jenis kulit dan memuaskan permintaan Anda. Kami akan terus berupaya untuk meningkatkan kualitas produk kami agar Anda tetap merasakan kepuasan dalam menggunakan produk kami.,
Positif,N/A,"Tercipta kulit yang bagus, cocok untuk wajah pengguna",None,"Terima kasih sudah memilih Azarine sebagai pilihan sunscreen Anda! Kami senang mendengar bahwa produk kami berhasil memberikan hasil yang diharapkan. Kami akan terus berusaha untuk meningkatkan kualitas produk kami, termasuk produk terbaru kami. Saya dengan senang hati menunggu peluncuran produk terbaru kami tahun depan.",
Positif,N/A,Cerahkan kulit yang kusam,Lengket dan lama meresap,"Terima kasih sudah membagikan pengalaman Anda dengan produk kami! Kami senang mendengar bahwa produk kami berhasil membantu cerahkan kulit Anda. Kami paham bahwa tekstur serum yang kental mungkin terasa agak lengket dan lama meresap, namun kami akan mencoba untuk meningkatkan kenyamanan penggunaan produk kami berdasarkan umpan balik positif seperti Anda. Kami berharap Anda dapat terus menggunakan produk kami dan merasakan hasil yang maksimal.",
Positif,N/A,Produk mencerahkan dan mudah digunakan,None,"{'message': 'Terima kasih telah memilih Azarine sebagai pilihan skincare Anda! Kami senang mengetahui bahwa produk kami telah memberikan hasil yang positif bagi kulit Anda. Untuk informasi lebih lanjut tentang produk kami atau untuk pertanyaan lainnya, silakan hubungi kami.'}",
Positif,normal,"Membuat tekstur kulit lebih lembut, lembab, kenyal, dan menurunkan jerawat","Produk oksidasi di kulit jika digunakan bersama lainnya, sulit ditemukan di pasaran","Selamat atas keputusan Anda dalam menggunakan serum kami! Kami senang Anda merasakan efek positif seperti tekstur kulit yang lebih lembut dan menurunnya jerawat. Untuk keluhan tentang oksidasi kulit, kami akan segera memperbaiki formula produk untuk menjaga kualitas yang lebih baik. Kami juga memohon maaf karena produk kami sedang sulit ditemukan di pasaran. Kami akan segera melakukan inventarisasi dan memastikan bahwa produk ini tersedia di semua tempat penjualan. Terima kasih atas kesedian Anda untuk mereview produk kami. Kami sangat menghargai umpan balik dari pelanggan setia seperti Anda.",
Positif,N/A,Melembabkan kulit dan memberikan efek cerah,None,Terima kasih sudah memilih serum vitamin C kami! Kami senang sekali mendengar bahwa produk kami telah membantu menjaga kulit Anda tetap cerah dan lembab. Kami juga mengapresiasi komentar Anda tentang kemasan plastik ringan dan kokoh kami. Kami akan terus berusaha untuk meningkatkan kualitas produk kami dan memberikan layanan yang lebih baik kepada Anda. Selamat hari!,
Positif,N/A,bikin kulit bersinar dan glowing,None,"Terima kasih atas ulasan positif Anda tentang produk Sunscreen kami! Kami senang Anda puas dengan kualitas dan hasil produk kami. Jika Anda memiliki pertanyaan atau kebutuhan lebih lanjut tentang produk kami, jangan ragu untuk bertanya.",
Negatif,kering,,"Kulit jadi kusam dan jerawatan, kulit tidak bersahabat dengan vitamin C, serta trauma yang berkepanjangan","Maaf atas pengalaman tidak menyenangkan Anda dengan produk kami. Kami menyadari bahwa setiap kulit unik dan mungkin tidak selalu cocok dengan produk kami. Jika Anda ingin mencoba produk lain, kami akan senang membantu. Atau, jika Anda memiliki pertanyaan tentang perawatan kulit, silakan bertanya kepada kami.",
Positif,kering,mencerahkan kulit dan membantu melembabkan,Tidak ada,"Terima kasih sudah mencoba produk kami! Kami senang mendengar bahwa serum kami membantu mencerahkan dan melembabkan kulitmu. Untuk mendapatkan hasil yang lebih cepat, kami sarankan untuk menggunakan serum kami secara teratur dan komitmen. Jika kamu memiliki pertanyaan atau kebutuhan lebih lanjut, jangan ragu untuk menghubungi kami!",
Positif,N/A,Membantu kulit menjadi cerah dan membuatnya terlihat lebih alami,None,"Terima kasih telah menggunakan produk kami, Azarine! Kami senang mendengar bahwa Anda merasa puas dengan hasil dari produk kami. Kami akan terus meningkatkan kualitas produk kami untuk memuaskan kebutuhan Anda. Sampai jumpa lagi!",
Netral,berminyak,menghasilkan teksurnya liquid yang nyaman di wajah,"breaker dan jerawat yang muncul tiap memakai, produk juga tidak cocok dengan komposisi",Terima kasih telah berkomentar review untuk produk kami. Kami sangat menghargai umpan balik Anda dan menyesal mendengar bahwa Anda mengalami break out dan jerawat setelah menggunakan produk. Kami memiliki pilihan produk yang lebih sesuai untuk jenis kulit yang Anda miliki. Apakah Anda ingin kami menawarkan saran atau pilihan yang lebih baik untuk Anda?,
Negatif,berminyak,"menyerap cepat di wajah tanpa rasa lengket, wangi jeruk lemon yang segar",mengakibatkan jerawatan dan beruntusan wajah,"Terima kasih atas ulasan Anda. Kami senang mendengar bahwa serum Azarine dapat memberikan efek radiance pada Ibunda Anda. Namun, kami juga sedih mendengar bahwa produk kami tidak sesuai dengan jenis kulit Anda dan adik Anda. Kami akan menggunakan ulasan ini untuk melanjutkan pengembangan produk kami. Jika Anda ingin mencoba produk lain yang mungkin lebih sesuai dengan jenis kulit Anda, silakan hubungi kami untuk informasi lebih lanjut.",
Negatif,kombinasi,None,Tidak ada pengaruh apapun di kulit setelah digunakan selama sebulan,"Terima kasih atas kesempatannya untuk mencoba produk our sunscreen. Sayangnya, kami tidak menemukan hasil yang diharapkan. Kami akan senang membantu Anda menemukan produk lain yang lebih sesuai dengan kebutuhan kulit Anda. Apakah Anda berminat kami menghubungi Anda untuk membahas lebih lanjut? Kami di sini untuk membantu.",
Positif,N/A,Textur yang lebih tebal dan tidak memiliki efek negatif,None,Terima kasih telah mencoba produk sunscreen kami! Kami senang Anda menyukai tekstur produk kami. Skin cycling atau digunakan bersama serum lain adalah cara yang baik untuk mendapatkan manfaat maksimal dari produk. Kami akan terus berusaha meningkatkan kualitas produk kami untuk memenuhi kebutuhan Anda. Mohon terus memberikan umpan balik kami!,
Positif,N/A,Dapat mencerahkan dan tidak membuat cekat atau merah pada kulit,"Tekstur yang agak kental, mengambil waktu lama nyerap, dan lengket","Terima kasih telah mencoba produk sunscreen kami! Kami senang mendengar bahwa produk kami dapat memberikan hasil yang diinginkan Anda. Untuk tekstur yang agak kental, kami sarankan untuk mengaduk produk sebelum digunakan atau mencoba menggunakan sedikit produk untuk melihat hasilnya. Jika ada pertanyaan lain, jangan ragu untuk bertanya.",
Negatif,gelap,tidak ada efek mencerahkannya,"Produk tidak efektif dalam mencerahkan kulit, hanya dapat digunakan sebagai campuran lotion","Terima kasih atas ulasan Anda tentang produk kami. Kami mungkin memerlukan informasi lebih lanjut tentang kulit Anda untuk merekomendasikan produk yang lebih sesuai. Silakan menghubungi kami untuk informasi lebih lanjut, kami akan senang membantu!",
Positif,N/A,efeknya wajah jadi cerah bersih dan warna kulit lebih rata,"baunya seger kayak permen, lebih lengket dari serum lain tp nggak mengganggu","Terima kasih telah memilih produk kami! Kami senang Anda menemukan bahwa produk sunscreen kami memberikan efek cerah dan menyamarkan warna kulit. Untuk masalah baunya yang seger, kami akan mempertimbangkan untuk mengoptimalkan proses pengolahannya. Jika Anda mencoba produk sendirian, akan sangat membantu kami jika Anda memberi umpan balikan lebih lanjut.",
Positif,N/A,Bintik2 hitam bekas jerawatnya memudar,"Packagingnya kecil jadi cepet abis, harus beli2 lagi",Terima kasih atas review Anda! Kami senang produk kami bisa memberi manfaat bagi kulit Anda. Kami juga akan mempertimbangkan perbaikan packaging untuk kebutuhan pelanggan yang lebih luas di masa depan.,
Positif,berminyak,Kulit muka menjadi lebih cerah dan bersih,None,"Terima kasih atas review Anda! Kami senang mendengar bahwa serum VIT C kami dapat membantu menambahkan kecerahan dan kebersihan pada kulit Anda. Jika Anda memiliki pertanyaan atau kebutuhan lain, jangan ragu untuk menghubungi kami.",
Positif,N/A,Pencerahan kulit,None,"Terima kasih telah memilih produk Azarine! Kami senang melihat Anda puas dengan hasilnya. Untuk pembelian berikutnya, silakan hubungi kami untuk memilih paket yang sesuai dengan kebutuhan Anda.",
Negatif,N/A,Mencerahkan kulit,"Sedikit lama efektif, tidak membuat minyak, tetapi hasilnya belum tampak","Selamat atas pilihan Anda memilih produk kami, SunScreen Azarine. Kami menyesal mendengar bahwa produk kami tidak memenuhi harapan Anda. Untuk mencerahkan kulit, Anda dapat mencoba menggunakan produk secara rutin dan konsisten. Kami juga menawarkan garansi pengembalian jika Anda tidak puas dengan produk kami. Silakan hubungi kami melalui email atau media sosial kami untuk mendapatkan informasi lebih lanjut.",
Negatif,N/A,,"Kuaturnya sunscreen tidak efektif, plastiknya murahan, produk tidak mencerahkan dan tidak melembabkan","Terima kasih telah membagikan pendapat Anda tentang produk kami. Kami paham bahwa kepuasan pelanggan sangat penting bagi kami. Kami akan memperhatikan umpan balik Anda untuk meningkatkan kualitas produk kami. Jika Anda memiliki saran atau pertanyaan, jangan ragu untuk hubungi kami lagi.",
Positif,N/A,"Memudarkan bekas jerawat, cerahan, mudah di blend, tidak berat, dan calming buat kemerahan.",Hanya complaint ringan tentang tekstur yang 'agak kuning',"Terima kasih telah menggunakan produk Sunscreen Azarine! Kami senang membantu Anda mendapatkan kulit yang sihat dan segar. Tekstur warna yang 'agak kuning' memang sedikit berbeda, tapi kami telah terus berkembang untuk meningkatkan kualitas produk kami. Anda dapat terus menggunakan produk kami dengan keyakinan karena telah teruji keamanan dan kinerja tinggi.",
Positif,N/A,Menghasilkan kulit wajah yang lebih lembab dan kenyal,None,"Terima kasih atas ulasannya, kami senang Anda merasakan perubahan positif pada kulit wajah. Kami akan terus meningkatkan kualitas produk kami untuk memenuhi kebutuhan pelanggan. Selamat mencoba produk-produk kami lainnya!",
Positif,N/A,"Kulit tetap lembut dan lembab selama 2 hari, tekstur tidak membuat kulit kering",None,Terima kasih atas ulasan positif Anda tentang Azarine Serum C White! Kami senang produk kami bisa memberikan manfaat kepada kulit Anda. Kami akan terus berusaha untuk meningkatkan kualitas produk bagi Anda dan pelanggan lainnya.,
Positif,berminyak,Menghilangkan bintik-bintik hitam dan membuat wajah bercahaya,N/A,"Terima kasih telah memilih produk kami, Azarine! Kami senang mendengar bahwa Anda telah menemukan keuntungan dari penggunaan serum kami. Bintik-bintik hitam yang memudar dan wajah yang bercahaya adalah hasil yang luar biasa. Kami siap membantu Anda jika Anda memiliki pertanyaan atau kekhawatiran lebih lanjut tentang produk kami.",
Positif,N/A,Mudah menyerap dan ringan,None,Terima kasih telah memilih produk kami! Kami senang mendengar bahwa produk Sunscreen Azarine Anda menyerap dengan baik dan ringan. Kami akan terus berusaha untuk meningkatkan kualitas produk kami untuk Anda.,
Positif,berminyak,Cerahan kulit,None,Selamat atas keberhasilan Anda dalam menjumpai cerahan kulit yang diinginkan dengan produk Sunscreen kami! Kami senang mengetahui bahwa kandungan vitamin C kami telah membantu Anda mendapatkan kulit yang sehat dan cerah. Terima kasih atas kepercayaan Anda dalam memilih produk kami. Kami berharap Anda terus menjadi loyalitas Anda dengan Azarine.,
Positif,Kusam/Ayah-Ayah,"Menghilangkan bekas jerawat, menghilangkan kulit kusam (ditambah dengan asupan Vitamin C)","Jerawat, kulit kusam","Terima kasih telah menggunakan produk Azarine Vitamin C! Kami senang produk kami dapat membantu menghilangkan bekas jerawat dan memberikan Anda kulit yang lebih cerah. Kami berharap Anda akan terus menikmati manfaat produk kami. Jika Anda memiliki pertanyaan atau permintaan, jangan ragu untuk menghubungi kami.",
Positif,berminyak,Menghilangkan bekas jerawat dan menyamarkan kulit,None,"Terima kasih atas kesetiaan Anda terhadap produk kami, Azarine! Kami senang melihat bahwa produk kami telah membantu Anda dalam mencapai kulit yang lebih sehat dancantik. Kami akan terus berusaha untuk meningkatkan kualitas produk kami untuk memenuhi kebutuhan Anda.",
Positif,N/A,Bikin kulit glowing dan tidak membuat iritasi,None,"Terima kasih atas review Anda! Kami senang serum kami telah membantu kulit Anda menjadi terlihat lebih cerah. Kami siap membantu jika Anda memiliki pertanyaan atau kebutuhan lebih lanjut. Selama menggunakan serum, pastikan untuk tidak menggunakan terlalu banyak produk lain untuk menghindari ketergantungan kulit. Saya akan segera membalas jika Anda memiliki pertanyaan tambahan!",
Positif,N/A,Membuat wajah lebih cerah,None,Terima kasih sudah menggunakan serum Azarine dan memberikan ulasan positif. Kami senang serum kami membantu membuat wajah Anda lebih cerah. Kami akan terus meningkatkan kualitas produk kami agar tetap memenuhi kebutuhan kulit Anda.,
Positif,N/A,"memperbaiki kelembaban dan kekenyalan kulit, mencerahkan, dan menyerap di kulit dengan ringan",None,Terima kasih sudah mencoba serum Azarine! Kami senang mengetahui bahwa produk kami telah membantu memperbaiki kelembaban dan kekenyalan kulit Anda. Kami akan terus berusaha untuk meningkatkan kualitas produk kami agar dapat memberikan hasil yang lebih baik. Saya berharap Anda akan terus menggunakan serum kami dan melihat hasil yang lebih baik.,
Positif,N/A,Membantu nyerahin dan membuat kulit menjadi cerah,N/A,Selamat atas hasil positif Anda setelah menggunakan Azarine Sunscreen! Kami senang dapat membantu Anda dalam mencapai kulit yang sehat dan cerah. Teruslah menjaga kebersihan dan perawatan kulit Anda dengan produk kami,
Positif,N/A,Membuat kulit lebih cerah,None,"Terima kasih atas ulasan positif Anda tentang produk sunscreen kami! Kami senang mendengar bahwa produk kami berhasil memenuhi kesan Anda. Kulit cerah dan sehat adalah impian kami untuk setiap pelanggan. Kami akan terus berupaya untuk meningkatkan mutu produk kami. Jika Anda memiliki pertanyaan atau membutuhkan saran, silakan hubungi kami.",
Positif,N/A,"nyaman dikulit, ga lengket",None,Terimakasih telah memilih produk kami dari Azarine. Kami senang sekali bahwa Anda puas dengan kualitas produk kami!,
Positif,N/A,Cerahin dan menyamarkan noda hitam,None,Terima kasih sudah memilih produk sunscreen Azarine! Kami senang mendengar bahwa produk kami bisa membantu Anda merasa lebih cerah dan menyamarkan noda hitam. Kami akan terus meningkatkan kualitas produk kami untuk memberikan hasil yang masih lebih baik.,
Positif,N/A,Melembabkan,Akun yang mudah menyerah (mungkin terkait efek pencerahan),"Terima kasih telah membagikan pengalaman Anda dengan Azarine Sunscreen! Kami senang Anda merasakan manfaat lembabannya. Jika Anda memiliki pertanyaan atau ingin mengetahui lebih banyak tentang produk kami, silakan hubungi kami di [alamat email atau media sosial resmi].",
Positif,kering,Bikin muka jadi cerah dan lumayan melembabkan,None,"Terima kasih sudah memilih produk kami, kami senang mendengar bahwa Anda puas dengan hasilnya. Azarine",
Negatif,N/A,Tidak ada manfaat yang disebutkan,"Produk beruntusan setelah pemakaian pertama dan makin parah setelah 3 kali pemakaian, meskipun pemakai sebelumnya menggunakan vit C dari brand lain","Selamat atas waktu Anda untuk mencoba produk kami. Kami sangat senang atas saran dan umpan balik dari pelanggan kami. Karena Anda mengalami efek beruntusan, kami sarankan Anda untuk mengikuti instruksi penggunaan produk dengan benar dan tidak menggunakan produk yang sama secara berbarengan dengan produk lainnya. Kalau memungkinkan, kami mengajak Anda untuk menghubungi kami langsung melalui media sosial kami agar kami dapat membantu Anda lebih lanjut.",
Positif,N/A,"Mengencangkan dan menambah cerah wajah, serta meratakan warna kulit",Mengencangkan dan menencerahkan mungkin membutuhkan waktu,"Terima kasih atas review Anda atas serum kami! Kami senang mengetahui bahwa produk kami telah membantu Anda. Jika Anda menempuh waktu lebih lama untuk mengencangkan wajah Anda, kami sarankan untuk terus menggunakan produk kami secara rutin untuk hasil yang optimal. Kami juga akan memperkuat merek kami untuk mencapai pencahayaan kulit yang lebih baik. Terima kasih atas kepercayaan Anda!",
Netral/Positif-Netral,berminyak,mencerahkan dan melembabkan kulit wajah,toner Azarine tidak sesuai dengan kulit pengguna dan menyebabkan jerawat,"Terima kasih atas komentar Anda. Kami memahami bahwa setiap kulit memiliki kebutuhan yang berbeda-beda. Kami sangat senang Anda mencoba serum lightening c white dan facial wash kami, dan Kami akan terus memperbaiki formula toner kami untuk lebih sesuai dengan berbagai jenis kulit. Jika Anda membutuhkan bantuan dalam menemukan produk yang tepat untuk kulit Anda, jangan ragu untuk menghubungi kami.",
Negatif,N/A,"Tekstur produk enak, aromanya calming, tidak membentuk jerawat dan bruntusan",Tidak ada efek positif apa pun setelah digunakan,Terima kasih atas ulasan Anda. Kepedulian kami akan kebutuhan kulit Anda. Apakah Anda ingin mencoba produk lain dari kami? Kami siap membantu dan akan menyesuaikan produk dengan kebutuhan kulit Anda.,
Negatif,N/A,,Produk sunscreen tidak berkinerja baik dan tidak ada perubahan pada kulit setelah 1 bulan digunakan,Terima kasih atas review Anda. Kami berharap Anda masih memperoleh manfaat dari pengobatan produk kami. Kami sedang melihat kembali formulasi produk untuk meningkatkan efektivitasnya.,
Positif,tidak disebutkan secara spesifik,Bantu menghilangkan PIH (Peradangan Infeksi Hipertrofi pada Infeksi) dan hematan,None,"Terima kasih atasreview positif Anda, kami senang serum kita sudah membantu Anda menghilangkan PIH. Kami akan terus berusaha untuk meningkatkan kualitas produk kami. Kami juga senang Anda merasa produk ini sudah cukup efektif dengan dosis yang minim. Untuk informasi tambahan tentang produk lainnya, silakan hubungi kami di [kontak kami].",
Positif,Bisa untuk semua jenis kulit (all skin type),Efek brighteningnya dan mencerahkan secara keseluruhan wajah,Tidak ada efek pada jerawat aktif,"Terima kasih telah menggunakan produk kami, kami senang Anda puas dengan hasilnya! Kami juga ingatkan bahwa untuk hasil maksimal, perlu rutin menggunakan produk setiap hari.",
Positif,berminyak,Membuat kulit tidak kusam dan mengurangi jerawat,Efek mencerah tidak terasa signifikan,"Terima kasih atas ulasan Anda tentang produk sunscreen Azarine! Kami senang mendengar bahwa produk kami membantu membuat kulit Anda lebih cerah dan bebas jerawat. Kami memahami bahwa efek mencerah belum terasa signifikan, dan kami akan terus mengembangkan produk untuk meningkatkan kinerja kami. Jika Anda memiliki saran atau pertanyaan, jangan ragu untuk menghubungi kami.",
Positif,N/A,"Teksturnya cukup light dan gampang di blend, kemasannya botol plastik ramping berpipet",None,"Terima kasih telah memilih produk kami! Kami senang Anda menyukai tekstur dan kemasan produk Lightening Serum kami. Bila Anda memiliki pertanyaan lebih lanjut atau memerlukan bantuan, jangan ragu untuk bertanya. Kami akan senang membantu.",
Netral,N/A,Pertama kali mencoba vitamin C,"Hasil tidak terlalu keliatan, harga murah","Terima kasih telah mencoba produk kami, kami senang Anda berminat dengan vitamin C kami. Kami mengerti bahwa hasilnya belum terlalu keliatan, namun dengan penggunaan yang terus-menerus, Anda mungkin dapat melihat perubahan yang lebih signifikan. Kami senang membantu Anda menemukan produk yang lebih sesuai dengan kebutuhan kulit Anda. Apakah Anda membutuhkan saran produk lain yang lebih sesuai dengan kebutuhan kulit Anda?",
Positif,N/A,"Memberikan kilap (mencerahkan) wajah, memiliki tekstur yang tidak lengket, dan mudah digunakan",None,"Terima kasih atas umpan balik positif Anda atas produk Sunscreen Azarine! Kami senang bahwa produk kami telah membantu memberikan kilap pada wajah Anda. Untuk menjaga tekstur yang ringan dan tidak lengket, kami sarankan Anda untuk menggunakan produk kami secara teratur dan tidak berlebihan. Kami akan terus berusaha untuk meningkatkan kualitas produk kami untuk kepuasan Anda. Selamat berbagi keindahan!",
Positif,N/A,Mencerahkan wajah dan praktis dalam pemakaiannya,Hingga saat ini tidak ada keluhan yang diajukan oleh pelanggan,Terima kasih atas ulasan positifnya. Kami senang Anda menikmati serum ini dan dapat membantu Anda memiliki wajah cerah.,
Positif,N/A,Melindungi kulit dari sinar UV dan tidak membuat jerawat timbul,Tidak ada,"Terima kasih telah memilih produk Azarine! Kami senang Anda puas dengan hasilnya. Kualitas kami sangat penting bagi kami, jadi kami akan terus bekerja keras untuk memastikan Anda mendapatkan yang terbaik. Selamat mencoba produk lainnya!",
Negatif,berminyak,Affordable price,"Makin kusem, timbul jerawat","Selamat hari Anda, kami sangat berterima kasih atas waktu dan kesediaan Anda untuk mencoba produk sunscreen kami. kami sangat disediakan untuk membantu Anda menemukan produk yang tepat untuk kulit Anda. Apakah Anda memiliki saran atau masukan apa pun yang akan membantu kami meningkatkan kualitas produk kami? Sekarang, kami juga menawarkan produk serum yang tidak mengandung vitC, apakah Anda berminat mencoba?",
Positif,N/A,Mencegah perubahan kulit karena memiliki tekstur yang cepat meresap dan menghilangkan kekeringan kulit.,Tidak ada,"Terima kasih sudah menggunakan produk sunscreen kami! Kami senang Anda menikmati tekstur dan aroma produk kami. Namun, kami juga memahami bahwa Anda tidak menangkap perubahan yang signifikan setelah menggunakan produk kami. Kami ingin membersihkan diri Anda lebih baik dengan menggunakan produk kami secara konsisten selama 2-3 minggu untuk melihat hasilnya yang lebih baik. Jika Anda memiliki pertanyaan lebih lanjut, silakan hubungi kami!",
Positif,N/A,Membantu mengurangi melasma dan meratakan warna kulit,None,"Terima kasih sudah memilih produk AZARINE untuk kulit Anda! Kami senang mendengar bahwa Anda telah mendapatkan hasil yang positif dengan menggunakan produk kami. Kami berharap Anda terus puas dengan hasil penggunaan produk kami dan akan terus memberikan dukungan dan informasi terkait kulit Anda. Jika Anda memiliki pertanyaan atau kebutuhan lebih lanjut, jangan ragu untuk menghubungi kami.",
Positif,berminyak (diteorikan dari efek slow dan jerawat),"bisa memudarkan bekas jerawat, mencerahkan, meratakan warna kulit, dan tidak iritasi.",None,"Terima kasih atas ulasannya yang sangat positif! Kami senang Azarine berhasil memenuhi kebutuhan kulit Anda. Selain itu, kami bangga dapat melayani Anda dengan packaging yang nyaman dan mudah dibawa saat bepergian. Kami akan terus berusaha untuk merancang produk yang lebih baik dalam waktu depan. Terimakasih telah memilih Azarine sebagai pilihan Anda!",
Positif,kering,teksur yang nyaman dan bau wangi,None,Terima kasih telah melakukan review atas pengalaman Anda dengan produk sunscreen kami! Kami senang mendengar bahwa Anda menyukai tekstur dan bau produk kami. Apakah Anda memiliki pertanyaan atau saran untuk kami?,
Positif,minyak,"terkontrol minyak di muka, kulit lebih cerah",None,"Terima kasih telah memilih produk kami, Azarine! Kami senang Anda telah menemukan hasil yang positif setelah menggunakan serum vit-C kami. Untuk mendapatkan hasil maksimal, kami sarankan terus menggunakan produk rangkaian C-Series kami. Jika Anda memiliki pertanyaan atau saran, silakan hubungi kami.",
Positif,N/A,"Gak lengket, cepet meresap, tidak berminyak, melembabkan kulit, dan melembutkan kulit",None,Terima kasih atas kunjungan Anda dan pilihan produk sunscreen kami. Kami senang Anda menyukai tekstur dan aroma produk kami. Kami berusaha untuk terus meningkatkan kualitas produk kami untuk memberikan perlindungan kulit yang lebih baik. Kami harap Anda terus menjadikan kami sebagai pilihan produk kecantikan Anda.,
Netral,N/A,"Tidak diketahui secara pasti, tapi mungkin karena efek mencerah, tapi efeknya ga signifikan",Kulit terasa agak kering,"Terima kasih Anda telah membagikan review ini. Kami senang Anda memberikan umpan balik tentang produk kami. Untuk mengatasi masalah keringnya kulit Anda, kami sarankan Anda untuk menggunakan moisturizer dari kami yang lebih pelembab. Jika Anda memiliki pertanyaan atau masalah lainnya, silakan hubungi kami di [email@email.com].",
Positif,N/A,"Membuat kulit cerahan, tidak berbau, dan produk yang cocok untuk kulitnya.",None,Terima kasih sudah mencoba produk kami dan berbagi kepuasan Anda dengan kami. Kami sangat senang Anda menyukai hasil penggunaan produk kami dan menemukan kombinasi produk yang cocok untuk kulit Anda. Kami akan terus berusaha untuk membantu Anda menjaga kesehatan dan kecantikan kulit Anda. Selamat berkehidupan,
Positif,N/A,Menyamarkan noda hitam dan membuat kulit lebih cerah,Tidak ada keluhan,"Terima kasih telah menggunakan Azarine! Kami senang melihat Anda puas dengan hasil penggunaan produk kami. Produk kami dirancang untuk memberikan perlindungan ekstra dari sinar UV sementara juga meningkatkan kecerahan dan kesehatan kulit. Kami akan terus berusaha untuk memenuhi harapan pelanggan kami. Untuk informasi lebih lanjut, silakan hubungi kami.",
Positif,"bertekstur, berbekas jerawat",menghilangkan bekas jerawat dan menghaluskan tekstur kulit,"bukan keluhan, tapi menyarankan bahwa perubahan tidak instan","Terima kasih sudah mencoba produk serum kami! Kami senang Anda menemukan manfaat dari produk kami. Untuk informasi, kami berharap Anda akan terus menggunakan produk kami secara rutin karena keseimbangan kulit memerlukan waktu dan usaha. Jika Anda memiliki pertanyaan atau kekhawatiran, jangan ragu untuk menghubungi kami.",
Negatif,berminyak,"waninya enak, khas dengan aroma jeruk",bruntusan pada mulut,"Terima kasih sudah melakukan review tentang produk kami. Kami mohon maaf atas pengalaman yang tidak menyenangkan. Jika Anda masih mengalami masalah dengan produk kami, silakan hubungi kami agar kami dapat membantu lebih lanjut.",
Negatif,kering/dan kusam (bisa diartikan juga kulit kombinasi),menghaluskan dan melembabkan karena hyaluronic acid,"produk bikin kulit berminyak, kusam, dan muka bruntusan","Terima kasih atas ulasan Anda. Sayangnya, produk kami tidak cocok untuk kulit Anda. Kami memiliki beberapa opsi untuk mengatasi masalah kulit Anda, seperti penggunaan produk yang lebih sesuai dengan jenis kulit Anda. Jika Anda ingin mendiskusikan lebih lanjut, silakan menghubungi kami melalui email atau media sosial kami.",
Positif,N/A,"Membuat kulit wajah lebih cerah, kencang, dan lembab, serta mengurangi guratan halus kulit/keriput",None,"Terima kasih telah memilih produk kami, Lightening Serum. Kami senang membantu Anda merawat kulit wajah agar tetap sehat dan cerah. Ingatlah untuk menggunakan produk kami secara teratur dan konsisten untuk memaksimalkan hasilnya. Jika Anda memiliki pertanyaan atau saran, jangan ragu untuk menghubungi kami.",
Positif,N/A,"Membuat kulit cerah, menyamarkan noda hitam, mengancangkan kulit, dan sebagai anti oksidan",None,"Terima kasih telah mencoba produk kami! Kami senang mendengar bahwa Anda merasa puas dengan hasilnya. Produk kami diformulasikan untuk membantu kulit Anda tetap cerah dan sehat. Untuk informasi lebih lanjut tentang produk kami atau untuk pertanyaan, silakan hubungi kami.",
Positif,N/A,Membuat kulit tampak cerah dan mengurangi bekas jerawat,Belum hilang sama sekali bekas jerawat,"Terima kasih sudah mencoba produk Azarine Serum Vit C kami! Kami senang bahwa Anda merasakan perbaikan pada kulit Anda, meskipun masih ada bekas jerawat yang belum hilang. Kami akan terus meningkatkan kualitas produk kami untuk memenuhi kebutuhan Anda. Jika Anda masih memiliki pertanyaan atau kekhawatiran, silakan hubungi kami. Dan tidak lupa kami berharap Anda menikmati kemajuan kulit Anda dalam waktu yang lebih singkat.",
Positif,N/A,"Tekstur yang pas, cepat meresap, dan worth it",Membatasi penggunaan karena khawatir memicu jerawatan dan breakout,"Terima kasih telah mencoba produk kami! Kami senang Anda senang dengan tekstur dan kecepatan meresapnya produk. Jika Anda memiliki masalah jerawatan atau breakout, kami sarankan untuk mencoba produk yang lebih sesuai dengan kebutuhan kulit Anda. Jika Anda belum mencoba produk kami yang lain, kami menawarkan promo spesial untuk Anda. Silakan hubungi kami untuk informasi lebih lanjut.",
Positif,N/A,Mencerahkan dan menghilangkan bekas jerawat,None,"Terima kasih sudah memilih produk kami! Kami senang mendengar bahwa produk kami telah membantu Anda merasa lebih bersih dan menghilangkan bekas jerawat. Kami akan terus berusaha untuk meningkatkan kualitas produk kami untuk memuaskan kebutuhan Anda. Jika Anda memiliki pertanyaan atau komplain lainnya, silakan hubungi kami melalui media sosial kami.",
Positif,N/A,Bikin cerah,Bikin bruntusan di dahi dan milia dibawah mata,"Terima kasih sudah mencoba produk sunscreen kami, kami senang Anda puas dengan hasil cerah. Meskipun terjadi beberapa masalah pada awalnya, kami berharap Anda dapat melihat perbedaan yang lebih baik setelah beberapa kali penggunaan. Jika Anda memiliki saran atau keluhan lain, silakan hubungi kami.",
Positif,berminyak,bikin cerah,"bikin bruntusan, milia dibawah mata","Terima kasih atas umpan balikmu! Kami senang bahwa Anda merasa hasil produk Sunscreen Kami cerah. Namun, kami juga menyesali bahwa Anda mengalami bruntusan dan milia. Kami akan berusaha untuk meningkatkan produk kami untuk meminimalkan efek sampingan tersebut. Jika Anda memiliki pertanyaan atau kekhawatiran lebih lanjut, silakan hubungi kami. Kami akan dengan senang hati membantu.",
Positif,Wajah,"Tekstur yang nyaman, cepat menyerap, melembabkan, dan harganya murah",None,Terima kasih atas ulasan positif Anda tentang produk sunscreen kami. Kami senang Anda menyukai teksturnya dan aromanya yang seger! Kami akan terus berusaha untuk menyediakan produk yang berkualitas dan ramah bagi kulit. Selamat tinggal!,
Positif,N/A,"Bersih, cerah, mengurangi noda hitam",None,"Terimakasih telah memilih produk kami, kami senang produk kami dapat membantu Anda. Silakan terus menggunakan produk kami untuk mendapatkan hasil yang optimal.",
Positif,N/A,mencerahkan dan lembab,"Pengemasan plastik biasa, tidak mewah","Terima kasih telah membagikan ulasan Anda tentang produk serum vitamin C kami. Kami senang mendengar bahwa Anda sudah mengalami perubahan positif dalam kulit Anda dan senang dengan aroma jeruk yang segar. Kami berharap Anda akan terus puas dengan produk kami dan kami akan tetap berupaya untuk meningkatkan kualitas produk serta pengemasannya untuk Anda dan pelanggan kami lainnya di masa depan. Mohon dulu, jika Anda memiliki saran atau kritik lebih lanjut, silakan kirimkan kepada kami. Kami akan senang membantu!",
Positif,N/A,Membuat kulit tidak notice perubahan,Teksturnya kurang suka,Terima kasih atas ulasan Anda! Kami senang Anda menyuka produk sunscreen kami. Kami berusaha memenuhi kebutuhan kulit Anda dengan tekstur yang lebih baik. Kami menghimbau Anda untuk menghubungi kami jika Anda memiliki saran atau pertanyaan. Saya senang Anda ingin mencoba lagi produk kami. Kami berharap Anda akan puas dengan pengalaman ini.,
Positif,N/A,"Produk bikin wajah jadi lembab, cerah, serta mengangkat selt kulit mati dan memperkuat perlindungan kulit.",None,"Terima kasih atas komentar positif Anda tentang produk sunscreen kami. Kami senang Anda menikmati manfaat lembutan dan perlindungan kulit yang kami berikan. Kami percaya bahwa setiap kulit unik, sehingga kami selalu berusaha untuk memenuhi kebutuhan unik setiap pelanggan. Jika Anda memiliki pertanyaan atau ketidaknyamanan lainnya, silakan hubungi kami langsung.",
Positif,N/A,Melembabkan,None,Terima kasih atas ulasan positif Anda tentang serum vitamin C kami! Kami senang Anda menemukan produk kami cocok untuk kebutuhan kulit Anda. Kami akan terus meningkatkan kualitas produk kami untuk memenuhi kebutuhan Anda dan kulit Anda tetap terlembab.,
Positif,N/A,Serum dapat melindungi kulit wajah selama 7 hari,None,Terima kasih telah menggunakan produk Azarine! Kami senang mendengar bahwa Anda merasa puas dengan khasiat serum kami. Kami akan terus berusaha untuk menciptakan produk yang lebih baik untuk Anda.,
Positif,N/A,Terasa kulit wajah cerah dan menghilangkan flek hitam,None,"Selamat hari Anda, saya sangat senang mengetahui bahwa Anda telah menggunakan produk sunsreen kami dan merasakan hasil yang memuaskan! Kami senang melihat kulit wajah Anda terlihat lebih cerah dan tidak kusam. Jika Anda memiliki pertanyaan atau membutuhkan saran lebih lanjut, jangan ragu untuk menghubungi kami. Terima kasih atas kepercayaan Anda terhadap merek kami!",
Positif,N/A,"Bikin cerahan, memudar noda bekas jerawat, tidak bikin breakout",Paket ukurannya kecil (namun dianggap sesuai harga),"Terima kasih telah menggunakan produk sunscreen kami! Kami senang mendengar bahwa produk kami membantu membuat wajah Anda terlihat cerah dan memudarkan noda bekas jerawat. Kami memahami kekhawatiran Anda tentang ukuran paket, dan kami akan mempertimbangkan untuk meningkatkan ukuran paket di masa depan. Segera gunakan produk kami dengan percaya diri dan nikmati hasilnya!",
Positif,N/A,Mencerahkan kulit dan menyentuh wajah cerah,None,"Terima kasih telah memilih produk serum Azarine! Kami senang mendengar bahwa Anda puas dengan hasil yang Anda dapatkan. Produkt kami ini memang dirancang untuk membantu memberikan kulit yang cerah dan sehat. Apabila Anda memiliki pertanyaan atau memerlukan saran lebih lanjut, silakan hubungi kami.",
Positif,berminyak,Produk bagus,None,Terima kasih atas review positifnya tentang produk Sunscreen Azarine! Kami senang produk kami memenuhi harapannya. Kami terus meningkatkan mutu produk untuk memenuhi kebutuhan pelanggan.,
Positif,sensitif,mencerahkan kulit,None,"Selamat atas pemilihan produk Azarine, kami senang Anda bisa menikmati manfaatnya! Untuk hasil terbaik, pastikan untuk menggunakannya secara teratur dan menjaga kulit Anda tetap terhidrasi.",
Positif,"kusam, komedoan","mencerahkan, menghilangkan komedo",None,"Selamat Anda telah menemukan produk yang efektif untuk permasalahan kulit kusam dan komedo! Kami senang Anda puas dengan hasilnya. Untuk informasi lebih lanjut tentang produk kami, silakan menghubungi kami melalui halaman kontak kami. Terima kasih telah memilih Azarine sebagai pilihan Anda!",
Positif,N/A,"Membuat kulit tidak kusam, cepat meresap, tidak lengket di tangan.",None,Terima kasih telah mereview produk kami! Kami senang mendengar bahwa produk sunscreen kami telah membuat kulit Anda terlihat lebih segar dan tidak kusam. Kami akan terus berusaha untuk memberikan produk terbaik untuk Anda dan semua pelanggan kami. Sampai jumpa lagi!,
Positif,N/A,"tidak lengket di kulit, mudah menyerap, dan membuat cerah",None,Terima kasih atas ulasan Anda tentang Serum Sunscreen Azarine! Kami senang mendengar bahwa produk kami telah membantu Anda mendapatkan kulit yang cerah dan sehat. Kami akan terus berusaha untuk memberikan produk yang terbaik bagi Anda. Sampai jumpa lagi!,
Positif,N/A,"Menenangkan kulit, melembabkan, dan membuat kulit terlihat cerah",None,"Terima kasih telah memilih produk kami! Kami senang mendengar bahwa sunscreen kami telah memberikan manfaat bagi kulit Anda. Kami berkomitmen untuk terus meningkatkan kualitas produk kami agar lebih aman dan efektif untuk kulit Anda. Jika Anda memiliki pertanyaan atau saran, silakan hubungi kami kembali.",
Positif,N/A,"Vitamin C yang bermanfaat bagi kulit, tekstur ringan dan cepat meresap serta membuat kulit bersinar",None,"Terima kasih sudah mencoba produk kami! Kami senang Anda menyukai kandungan vitamin C yang ada pada produk kami. Jika Anda ingin tahu lebih lanjut tentang manfaat lainnya, silakan hubungi kami melalui media sosial kami.",
Positif,N/A,Bikin kulit menjadi lebih cerah dan lembab,None,"Terima kasih telah melakukan review kami, kami senang membantu Anda mencapai kulit yang cerah dan sehat. Semoga produk kami terus dapat memenuhi kebutuhan Anda.",
Positif,N/A,Hasilnya kulit bersih dan membuat kulit lebih cerah,None,"Terima kasih atas review yang Anda berikan! Kami senang Anda merasakan hasil positif dari produk Serum Sunscreen Azarine. Kami akan terus berusaha meningkatkan kualitas produk kami untuk memberikan hasil yang lebih baik. Untuk informasi lebih lanjut, silakan hubungi kami melalui halaman kontak kami. Kami hormat.",
Positif,N/A,Dapat mencerahkan wajah,None,"Terima kasih telah memilih Azarine sebagai pilihan Anda! Kami senang Anda sudah mencoba sunscreen kami dan melihat hasil yang baik. Kami mengucapkan selamat atas perubahan wajah yang positif, dan bersyukur atas pilihan harga yang terjangkau. Kami akan terus berusaha untuk meningkatkan kualitas produk kami.",
Positif,N/A,"Membuat kulit cerah, mudah digunakan, harga terjangkau, tidak lengket",None,Selamat atas keputusan Anda untuk merekomendasikan produk kami ke ibu Anda! Kami berterima kasih atas testimoninya dan senang mendengar bahwa produk kami telah membantu membuat wajah Anda lebih cerah. Kami akan terus bekerja keras untuk memastikan kualitas produk kami terbaik. Terima kasih atas kepercayaan Anda dan kami harap Anda akan terus menikmati produk kami.,
Positif,N/A,"Tekstur ringan dan cepat meresap di kulit, tidak lengket",None,Terima kasih sudah memilih serum c white lightening Azarine! Kami senang Anda merasakan tekstur ringan dan cepat meresapnya produk kami. Kami akan terus berusaha untuk menghasilkan produk yang berkualitas tinggi untuk kesehatan kulit Anda.,
Positif,N/A,"Mengurangi bekas jerawat, menjaga kelembaban wajah, serta menyamarkan bekas jerawat",None,"Terima kasih sudah memilih produk kami. Kami senang mendengar bahwa produk kami telah membantu Anda dalam menjaga kelembaban wajah dan menyamarkan bekas jerawat. Jika Anda memiliki pertanyaan atau membutuhkan bantuan, jangan ragu untuk menghubungi kami.",
Positif,berbekas jerawat,Membuat kulit lebih cerah,Tidak ada,Terima kasih sudah mencoba produk kami! Kami senang mendengar bahwa produk kami berhasil memberikan hasil yang diharapkan. Kami akan terus meningkatkan kualitas produk kami untuk memuaskan kebutuhan Anda. Silakan terus menjaga kulit Anda!,
Negatif,N/A,N/A,"Merusak kulit (kusam), kurang efek","Mohon maaf atas kejadian tidak nyaman yang Anda alami saat menggunakan produk kami. Kami akan senang jika Anda dapat memberikan kesempatan kepada kami untuk memperbaiki keadaan tersebut. Jika Anda memerlukan bantuan atau ingin mencari pilihan produk yang lebih cocok, silakan hubungi kami melalui layanan customer service kami. Kami siap membantu.",
Positif,N/A,"Produk cocok untuk wajah dan tidak membuat timbul beruntusan, serum tidak lengket dan tidak membuat perih di wajah.",None,Terima kasih telah mencoba produk kami dan memberikan ulasan positif! Kami senang mendengar bahwa produk kami cocok untuk wajah Anda. Kami akan terus berupaya untuk meningkatkan produk kami dan memberikan kualitas terbaik bagi pelanggan kami.,
Positif,N/A,"Mencerahkan wajah, membuat wajah jadi sehat, kenyal, dan glowing",None,Terima kasih telah membagikan pengalaman menggunakan produk Azarine! Kami senang mendengar bahwa produk kita telah membantu membuat wajah Anda lebih cerah dan sehat. Segera saja produk Azarine lagi untuk Anda mencintai!,
Positif,sensitif,"Mudah menyerap kulit, tidak lengket, ringan, dan aman untuk kulit sensitif",N/A,Terima kasih telah memilih produk kami! Kami senang melihat bahwa Anda telah mengalami hasil yang positif dari menggunakan produk kami. Kami berkomitmen untuk terus meningkatkan kualitas produk kami untuk memenuhi kebutuhan pelanggan kami. Sampaikan terima kasih atas ulasan Anda dan pastikan Anda untuk terus menggunakan produk kami untuk hasil yang lebih baik lagi!,
Positif,N/A,Tidak menyebabkan breakout atau efek samping lainnya,Hasil yang digunakan sedikit lebih lama,"Terima kasih telah memilih Azarine sebagai pilihan Anda! Kami senang produk kami dapat membantu kulit Anda tanpa menyebabkan breakout. Meskipun ada sedikit perbedaan waktu hasil, kami percaya bahwa manfaat produk kami lebih tinggi. Apakah Anda memiliki pertanyaan atau kebutuhan lebih lanjut? Kita siap membantu!",
Positif,N/A,"Tidak hanya mudah dibawa dan tahan lama, produk juga memiliki tekstur yang nyaman (gel yang agak runny) dan wangi citrus yang menyenangkan",None,"Terima kasih telah memilih rangkaian C White series kami dari Azarine! Kami senang Anda menyukai serumnya, teksturnya yang nyaman, dan wanginya citrus yang segar. Kami akan terus berusaha untuk meningkatkan kualitas produk kami demi kepuasan Anda.",
Positif,N/A,"Sunscreen ini memiliki wangi yang enak, tekstur yang gampang menyerap di kulit, serta tahan lama",Pipetnya dapat mendelep ke dalam wadah pada kesokpangan tertentu,"Terima kasih sudah memberikan umpan balik tentang produk kami! Kami bangga bahwa Anda puas dengan produk kami yang memberikan aroma yang menyenangkan dan tekstur yang mudah diserap oleh kulit. Kami akan memperhatikan kerusakan pipet pada salah satu kesopangan, dan berusaha untuk memperbaikinya. Mohon maaf atas kenyataan ini dan kami berharap Anda akan terus menggunakan produk kami.",
Negatif,N/A,Aromanya segar,"Lengket, tidak berpengaruh di wajah, dan tumbuh jeriwi pada pipi",Terima kasih atas ulasannya! Kami sangat berterima kasih atas umpan baliknya. Kami akan memperhatikan hal itu dan akan terus meningkatkan kualitas produk kami.,
Positif,kering & sensitif,Poripori di wajah mengecil sehingga lebih halus,"Tidak ada keluhan lain yang disebutkan, hanya breakout awal karena vitamin C","Terima kasih telah memilih produk kami! Kami senang mendengar bahwa Anda telah merasakan hasil yang positif dari produk kami. Kami menyadari bahwa beberapa orang mungkin mengalami breakout awal karena vitamin C, tetapi kami percaya bahwa manfaat produk kami jauh lebih besar daripada bahaya tersebut. Jika Anda memiliki pertanyaan atau kekhawatiran lebih lanjut, jangan ragu untuk menghubungi kami. Kami terus berkomitmen untuk memberikan produk yang berkualitas tinggi dan aman untuk digunakan.",
Positif,sensitif,"lembut, tidak lengket",None,Terima kasih atas ulasan Anda! Kami senang mengetahui bahwa produk sunscreen kami dapat digunakan dengan baik untuk kulit sensitif. Kami akan terus berusaha untuk meningkatkan kualitas produk kami untuk memenuhi kebutuhan Anda. Mohon terus mendukung kami!,
Positif,N/A,"Lebih cerah, pori-pori mengecil, dan komedo hilang setelah menggunakan lightening serum selama 1 minggu.",Tidak ada keluhan yang disebutkan dalam review ini,"Terima kasih atas review positif Anda! Kami senang mengetahui bahwa Lightening Serum Azarine telah memberikan hasil yang baik bagi Anda. Kami akan terus meningkatkan kualitas produk kami untuk memberikan pelayanan terbaik kepada pelanggan kami. Sekali lagi, terima kasih!",
Positif,N/A,"mencerahkan, melembabkan wajah, mengurangi kelembaban",None,"Terima kasih sudah menggunakan produk kami, Serum C White Lightening dari Azarine! Kami senang mendengar bahwa produk kami telah membantu membuat wajah Anda lebih cerah dan tidak lengket. Kami selalu berusaha untuk memastikan bahwa produk kami nyaman digunakan dan efektif. Jika Anda memiliki pertanyaan atau kebutuhan tambahan, silakan hubungi customer service kami.",
Positif,N/A,"Tidak lengket, cepat meresap, tekstur lembut, kulit menjadi lembap dan cerah",None,"Terima kasih atas review positif Anda untuk Serum Azarine kami! Kami senang melihat kulit Anda menjadi lebih lembap dan cerah. Kami akan terus bekerja untuk meningkatkan kualitas produk kami untuk tetap memenuhi kebutuhan kulit Anda. Untuk keterbukaan, kami ingin mengetahui lebih lanjut tentang kondisi kulit Anda, apakah Anda memiliki kulit sensitif atau tidak. Kami senang menghadapi pertanyaan dan saran Anda untuk meningkatkan pengalaman pengguna kami.",
Positif,N/A,"Tingkat kecerahan wajah bertambah, mengurangi darkspot, membuat kulit lebih lembap",None,Terima kasih telah meninggalkan review positif tentang produk Azarine! Kami senang produk kami telah membantu meningkatkan kecerahan wajah dan membuat kulit Anda lebih lembap. Kami akan terus berusaha untuk meningkatkan kualitas produk kami untuk memenuhi kebutuhan Anda dan pelanggan kami lainnya.,
Positif,N/A,"Mencerahkan, tekstur ringan, tidak meninggalkan white case, aman digunakan karena sudah BPOM, mudah menyerap ke kulit wajah.",None,Terima kasih atas review positifnya! Kami senang serum kami bisa memenuhi harapan Anda. Semoga produk kami terus bisa membantu menjaga kulit Anda tetap sehat dan cantik!,
Positif,N/A,"Ringan, mudah digunakan dan terjangkau",None,Terima kasih telah memilih produk kami! Kami senang Anda puas dengan kandungan dan kinerja sunscreen kami. Kami siap membantu Anda kembali jika Anda memiliki pertanyaan atau kebutuhan lebih lanjut. Selamat mencoba produk lainnya dari Azarine!,
Positif,N/A,Mampu melembabkan dan mencerahkan kulit,None,Terima kasih sudah memilih produk kami! Kami senang mendengar bahwa produk kami membantu melembabkan dan mencerahkan kulit Anda. Kami akan terus berusaha untuk meningkatkan kualitas produk kami untuk memberikan yang terbaik bagi Anda.,
Positif,N/A,"Bisa bikin wajah lembab, kenyal, cerah, dan glowing",None,"Terima kasih sudah memilih produk sunscreen Azarine, kami senang sekali mendengar bahwa Anda merasakan perubahan positif pada kulit Anda. Kami akan terus berkomitmen untuk memberikan produk yang berkualitas dan nyaman digunakan. Selamat menikmati hasilnya!",
Positif,N/A,"Lightweight, ringan di kulit, tidak meninggalkan efek lengket, harganya terjangkau, dan tidak menimbulkan bau yang tidak disukai",None,"Terima kasih sudah memilih produk kami! Kami senang mengetahui bahwa Anda menikmati serum Vitamin C kita. Kami akan terus berusaha untuk memberikan kualitas produk yang terbaik. Apakah Anda memiliki saran atau pertanyaan lain, jangan ragu untuk bertanyakan kepada kami!",
Positif,N/A,produknya efektif dalam memberikan hasil yang baik setelah digunakan beberapa hari,None,Terima kasih sudah mencoba produk kami! Kami senang mendengar bahwa Anda suka tekstur dan wangi jeruk produk kami serta hasil yang diperoleh. Kami akan terus berusaha untuk meningkatkan kualitas produk kami untuk memenuhi kebutuhan pelanggan seperti Anda.,
Positif,N/A,Hasil sunscreen yang keliatan,None,"Terima kasih sudah mencoba produk kami! Kami senang mendengar bahwa kamu suka dengan tekstur, bau, dan hasil produk kami. Kami juga akan terus meningkatkan kualitas produk kami untuk membantu kulit kamu tetap sehat dan cantik. Sekali lagi, terima kasih atas kepercayaanmu!",
Positif,N/A,"Membuat wajah lebih cerah, mengurangi jerawat",None,"Terima kasih telah memilih produk kami! Kami senang melihat bahwa Anda telah menikmati hasil dari penggunaan Serum Vit C kami. Pencapaian kulit yang lebih cerah dan bercahaya adalah salah satu tujuan utama kami, dan kami senang Anda telah berhasil mencapainya. Teruslah menjaga kulit Anda dengan baik!",
Positif,N/A,"Mencerahkan dan membuat kulit glowing, menyamarkan noda bekas jerawat",None,Terima kasih atas ulasan positifnya! Kami senang serum sunscreen kami membantu membuat kulitnya lebih cerah dan menyamarkan noda bekas jerawat. Kami berharap produk kami terus membantu dalam menjaga kesehatan kulitnya.,
Positif,berminyak,mencerahkan wajah,None,Terima kasih sudah memilih produk Azarine! Kami senang mendengar bahwa Anda puas dengan hasil penggunaan serum kita. Apakah Anda memiliki pertanyaan lain atau butuh bantuan lebih lanjut? Segera hubungi kami melalui chat atau email untuk mendapatkan dukungan tambahan. Terima kasih atas saran Anda!,
Positif,N/A,"produk ini cocok, seger, nyaman, teksturnya mudah meresap, tidak lengket, kandungan produk bagus untuk auto glowing",None,"Terima kasih telah mencoba produk kami, Bestie! Kami senang mendengar bahwa Anda nyaman menggunakan produk kami. Jika Anda memiliki pertanyaan atau khusus yang ingin kami bantu, silahkan hubungi kami melalui media sosial kami.",
Positif,N/A,Mengurangi kelelahan wajah sehingga terlihat cerahan,None,"Terima kasih sudah mencoba produk sunsceen kami, Azarine! Kami senang membantu Anda mencapai kulit yang cerah dan sehat. Silakan terus menggunakan produk kami untuk mendapatkan hasil yang optimal. Kami juga berharap Anda bisa menerima diskon spesial bagi pelanggan setia kami.",
Positif,N/A,mencerahkan kulit,None,Terima kasih sudah memilih produk kami! Kami senang produk kami telah membantu mencerahkan kulit Anda. Kami akan terus berusaha untuk memberikan produk yang berkualitas tinggi. Selamat mencoba produk kami lainnya!,
Positif,N/A,"Menghilangkan jerawat, membuat kulit lebih sehat, glowing, dan kemerahan berkurang",None,"Terima kasih telah memilih produk kami! Kami senang mendengar bahwa Anda telah menemukan hasil yang baik dengan menggunakan produk suntik mata kami. Kami akan terus bekerja untuk meningkatkan kualitas produk kami. Saya harap Anda akan terus menggunakan dan merekomendasikan produk kami! Jika Anda memiliki pertanyaan atau masalah lainnya, jangan ragu untuk menghubungi kami.",
Positif,cenderung kombinasi,"daya serapnya yang cepet, efektif, membuat wajah lebih cerahan",None,"{'response_content': 'Terima kasih sudah memilih produk kami! Kami senang mendengar bahwa Anda suka dengan produktivitas kami. Kami akan terus meningkatkan kualitas kami untuk memberikan hasil terbaik bagi Anda.', 'responsiveness_level': 'Moderate', 'tone': 'Ramah', 'response_type': 'Pengucapan Syukur'}",
Negatif,"berminyak, sensif",,"Produk membuat kulit tambah berminyak, kusam, sensitif, dan menyebabkan jerawat","Terima kasih atas umpan balik Anda. Kami senang Anda mencoba produk kami, tapi sayangnya tidak sesuai dengan kebutuhan kulit Anda. Kami akan berusaha untuk meningkatkan kualitas produk kami. Jika Anda ingin mencoba produk lain yang lebih sesuai dengan kebutuhan kulit Anda, silakan hubungi kami kembali. Kami berkomitmen untuk memberikan pengalaman terbaik bagi setiap pelanggan kami.",
Positif,berminyak kering,bikin cerah,"bikin bruntusan di dahi plus milia dibawah mata, butuh prosess","Terima kasih atas review Anda! Kami senang Anda merasakan efek cerah pada wajah Anda. Untuk bruntusan dan milia, kami sarankan Anda untuk mengikuti instruksi penggunaan produk secara benar dan tidak menggunakannya terlalu lama dalam satu waktu. Jika Anda memiliki pertanyaan atau kekhawatiran lebih lanjut, jangan ragu untuk menghubungi kami.",
Positif,N/A,Manfaat wajah mencerah,None,Terima kasih atas ulasan Anda! Kami senang Anda menyukai tekstur produk dan manfaat yang didapatkan. Kami akan terus berusaha untuk membuat produk yang memuaskan. Selamat menjalani perawatan kulit yang sehat dan Radiant!,
Positif,N/A,"Menyehatkan kulit, membuat kulit menjadi lembut, lembab, dan kenyal",Baunya kurang disukai,"Terima kasih telah memilih produk Azarine! Kami senang Anda puas dengan hasil yang diperoleh. Untuk permasalahan baunya, kami akan memastikan untuk melakukan pengecekan kualitas produk kami lagi. Sopan dan hormat, Tim Azarine.",
Positif,lembab,mengurangi komedo dan membuat kulit cerah,lembab dan muncul komedo,Terima kasih telah menggunakan produk Sunscreen Azarine. Kami senang mendengar bahwa produk kami telah membantu mengurangi komedo Anda dan membuat kulit lebih cerah. Kami akan terus meningkatkan kualitas produk kami untuk memenuhi kebutuhan Anda. Apakah Anda memiliki pertanyaan atau kebutuhan tambahan? Kami ada untuk membantu.,
Positif,N/A,"Tidak bikin breakout, mencerahkan, dan enak digunakan",None,Terima kasihlah atas reviewnya! Kami senang mendengar bahwa Anda nyaman menggunakan produk kami. Kami akan terus berusaha untuk meningkatkan kinerja produk kami agar Anda puas lebih banyak lagi.,
Positif,N/A,Membuat wajah lebih cerah dan tidak lengket saat diaplikasikan,None,"Terima kasih sudah mencoba produk kami, kami senang mendengar bahwa Anda merasakan manfaat dari serum sunscreen kami.
Penting bagi kami untuk memastikan bahwa Anda puas dengan produk kami, dan kami berharap Anda akan terus menggunakan kami sebagai bagian dari kebiasaan perawatan kulit Anda. Jika Anda memiliki pertanyaan atau saran, jangan ragu untuk menghubungi kami!",
Positif,N/A,Mengurangi bekas jerawat dan membuat wajah glowing,None,"Terima kasih telah menggunakan produk Sunscreen dari Azarine! Kami senang mendengar bahwa produk kami telah membantu Anda dalam mengurangi bekas jerawat. Kami senang bisa membantu Anda mencapai wajah yang lebih glowing. Untuk informasi lebih lanjut tentang produk kami, silakan hubungi kami melalui media sosial atau email kami.",
Positif,N/A,"Mencerahkan, mengencang, mengembalikan, melembabkan kulit, dan membuat kulit cerah dan glowing",None,"Terima kasih telah memilih Azarine Vitamin C Energy Concentrate untuk perawatan kulit Anda! Kami senang Anda merasakan manfaatnya. Serum kami diformulasikan dari bahan aktif alami untuk membantu membuat kulit Anda lebih cerah, lembab, dan glowing. Jika Anda memiliki pertanyaan atau membutuhkan informasi lebih lanjut, silakan hubungi kami.",
Positif,N/A,Mencerahkan wajah dan mengandung niacinamide,None,"Terima kasih sudah memilih produk kami, Azarine! Kami senang mengetahui bahwa Anda puas dengan hasilnya. Niacinamide dan bahan-bahan lainnya di dalam produk kami dirancang untuk memberikan wajah yang lebih cerah dan sehat. Kami akan terus berusaha untuk memberikan produk terbaik untuk Anda dan keluarga kami. Jika Anda memiliki pertanyaan atau memerlukan saran, jangan ragu untuk menghubungi kami.",
Positif,normal to oily,Produk sunscreen dapat membuat kulit wajah tumbuh dan terlihat sehat dalam 7 hari,None,"Terima kasih telah memilih produk kami, Azarine! Kami senang mengetahui bahwa Anda merasakan manfaat dari produk sunscreen kami. Kami berharap Anda akan terus menggunakan produk kami dan melanjutkan untuk menikmati hasil yang positif. Jika Anda memiliki pertanyaan atau komentar lainnya, jangan ragu untuk menghubungi kami.",
Positif,N/A,Kulit menjadi lebih cerah,None,"Terima kasih telah menggunakan produk Azarine lightening serum kami! Kami senang Anda merasa nyaman dan puas dengan produk kami. Kami akan terus berusaha untuk membuat produk yang lebih baik dan memberikan hasil yang memuaskan untuk Anda. Apabila Anda memiliki pertanyaan atau kebutuhan lainnya, silakan hubungi kami di [alamat kontak].",
Positif,N/A,"Lebih cerah, pori-pori mengecil, dan komedo hilang",None,"Terima kasih telah mencoba produk Azarine! Kami senang melihat Anda sudah menyadari hasil yang diinginkan. Pori-pori yang mengecil dan kulit yang lebih cerah merupakan bukti dari efektivitas produk kami. Kami akan terus meningkatkan kualitas produk kami untuk memuaskan kebutuhan Anda. Jika Anda memiliki pertanyaan atau kebutuhan tambahan, jangan ragu untuk menghubungi kami.",
Positif,N/A,produk yang cocok dengan kulitnya,None,Terima kasih telah memberikan ulasan positif tentang produk kami. Kami senang produk kami telah dapat dirasakan cocok dengan kulit Anda. Kami akan terus berusaha memenuhi kebutuhan pelanggan kami. Kami tunggu kedatangan Anda untuk membeli produk kami lagi!,
Positif,N/A,Kulit lebih glowing dan telanjang terasa ringan,None,"Terima kasih atas review Anda! Kami senang mengetahui bahwa Anda merasa puas dengan serum kami. Kami akan terus bekerja untuk memastikan kualitas produk kami. Untuk pemesanan produk lainnya, silakan hubungi kami melalui media sosial kami",
Positif,N/A,produk dapat mencerahkan kulit wajah dalam 7 hari,None,Terima kasih atas review Anda! Kami senang Anda puas dengan produk C White Lightning Serum. Paket penyerapan produk yang praktis memang membuatnya mudah dibawa kemana-mana. Kami akan tetap berusaha untuk meningkatkan kualitas produk sehingga bisa memberikan hasil yang lebih baik. Sampai jumpa lagi!,
Positif,N/A,Mencerahkan dan menghilangkan kusam,None,"Terima kasih telah memilih serum Azarine! Kami senang serum kami membantu Anda meningkatkan kecerahan wajah Anda. Kami berharap Anda akan terus melanjutkan perawatan kulit yang seimbang dan efektif dengan produk kami. Jika Anda memerlukan bantuan lebih lanjut, jangan ragu untuk menghubungi kami.",
Positif,N/A,Mencerahkan kulit dan membuat kulit terasa fresh,None,"Terima kasih telah memilih produk kami! Kami senang mendengar bahwa Anda mencintai aroma dan keampuhan serum kami. Semoga produk kami terus membantu kulit Anda tetap terlihat cantik dan sehat! Untuk informasi lebih lanjut tentang produk kami, silakan hubungi kami di halaman kontak kami.",
Positif,N/A,Membuat kulit lebih cerah dan sehat,None,"Terima kasih telah memilih produk C White dari Azarine. Kami senang melihat Anda puas dengan serum lightening kami. Kami akan terus berusaha untuk memberikan produk yang berkualitas terbaik untuk Anda. Salam hangat, Tim Azarine",
Positif,N/A,"Cerah, lembab, dan kulit wajah terlihat sehat",None,"Terima kasih telah mencoba Lightening Serum Azarine. Kami senang mendengar bahwa Anda menemukan hasil yang positif dari produk kami. Kami akan terus berkomitmen untuk memberikan produk yang berkualitas tinggi untuk kebutuhan Anda. Jika Anda memiliki pertanyaan atau membutuhkan saran, jangan ragu untuk menghubungi kami.",
Positif,N/A,"Teksturnya ringan, meresap dengan cepat, tidak lengket, tidak memiliki bau menyengat, bahan alaminya",None,Terima kasih telah mencobakan produk sunscreen Azarine kami! Kami senang Anda puas dengan tekstur ringan dan cepat meresapnya produk kami. Kami juga memastikan bahan-bahan kami aman dan alami untuk kulit Anda. Kami harap Anda terus menggunakan produk kami dan menikmati hasilnya! 💛,
Positif,N/A,"Mencerahkan kulit dalam waktu singkat, menjadikan kulit lembab dan glowing",None,"Terima kasih sudah menggunakan produk c White series kami, senang mendengar Anda puas dengan hasilnya. Kami akan selalu berusaha untuk meningkatkan produktivitas dan kualitas produk kami. Selamat berkecantikan!",
Positif,N/A,"Lebih cerah, pori-pori mengecil, komedo hilang",None,Terima kasih telah memilih produk Azarine! Kami senang Anda puas dengan hasil penggunaan serum kami. Kami selalu siap membantu jika Anda memiliki pertanyaan atau kebutuhan lebih lanjut. Selamat berkecantikan!,
Negatif,Tidak diketahui,Tidak ada,"Kulit lekukan hidung terkelupas, terbakar, dan tidak berguna pada kulitnya","{'text': 'Saya sangatlah mengapresiasi Anda telah memberikan umpan balik dari produk kami. Kami sungguh-sungguh menyayangkan bahwa produk kami tidak cocok untuk kulit Anda. Kami akan senang membantu Anda menemukan solusi yang tepat untuk kebutuhan kulit yang unik. Silakan menghubungi kami melalui hotline kami atau email kami untuk membahas lebih lanjut. Terima kasih atas kepercayaan Anda, dan kami harap Anda senang dengan pengalaman berbelanja di Azarine.'}",
Positif,berminyak,"Bekas jerawat berangsur memudar, cocok untuk pejuang bekas jerawat",None,"Terima kasih sudah menggunakan produk kami dan membagikan ulasan positif! Kami senang bahwa produk kami membantu mengurangi bekas jerawat Anda. Kami berharap Anda terus menggunakan produk kami dengan hasil yang memuaskan. Jika Anda memiliki pertanyaan atau kebutuhan lain, silakan hubungi kami.",
Positif,N/A,mencerahkan,None,Terima kasih sudah mereview produk kami! Kami senang mendengar bahwa Anda merasakan hasil yang baik dengan penggunaan serum kami. Pengalaman Anda akan kami acu ke depannya untuk terus meningkatkan kualitas produk kami.,
Positif,N/A,"Bentuk (dapatkan kulit sehat) dan wanginya yang disenangi, serta harganya yang affordable",None,Terima kasih sudah memilih produk Azarine! Kami senang kamu menyukai tekstur dan aroma produk sunscreen kami. Kami juga fokus untuk menyediakan kandungan yang aman dan efektif untuk kulit kamu. Kami berharap kamu akan terus menggunakan produk kami dan menikmati hasilnya!,
Positif,N/A,Menghasilkan wajah yang lebih cerah serta lembab,None,"Terima kasih atas ulasan yang sangat positif dari Anda! Kami senang melihat bahwa produk Azarine dapat membantu membuat wajah Anda tampak lebih cerah dan lembab. Kami akan terus berusaha untuk memproduksi produk yang berkualitas tinggi untuk kebutuhan kulit Anda. Sekali lagi, terima kasih atas sokongan Anda.",
Positif,N/A,"Tahap pemakaian bertahap yang membuat kulit terlihat glowing, tidak kering, dan tidak ada efek kelupas atau bruntusan.",None,"Terima kasih telah membagikan pengalaman positif Anda dengan produk Azarine C White! Kami senang melihat bahwa produk kami dapat membantu kulit Anda terlihat lebih bercahaya. Kami juga menghargai kepercayaan Anda dalam memilih produk kami. Jika Anda memiliki pertanyaan atau memerlukan bantuan lebih lanjut, silakan hubungi kami. Kami senang membantu!",
Positif,N/A,"Bisa membantu menghilangkan bekas jerawat, membuat kulit lembab, dan memberikan hasil cerah yang maksimal",None,Terima kasih atas review positif Anda! Kami senang mengetahui bahwa produk kami telah membantu Anda dalam mencapai kulit yang lembab dan cerah. Kami berkomitmen untuk terus meningkatkan kualitas dan kinerja produk kami untuk membantu Anda mencapai hasil yang maksimal.,
Positif,kursam,menghilangkan kusam,None,"Terima kasih atas reviewnya! Kami senang mengetahui bahwa produk sunscreen kami membantu menghilangkan kusam pada kulitnya. Jika butuh bantuan lebih lanjut atau informasi tentang produk lainnya, jangan ragu untuk menghubungi kami.",
Positif,sensitif,"lembab, kulit cerahan",None,Terima kasih atas ulasan positif Anda tentang serum Azarine. Kami senang Anda puas dengan tekstur ringan dan efektivitas produk kami. Kami akan terus berusaha untuk memberikan produk yang memuaskan bagi semua pelanggan kami.,
Positif,N/A,Hilangnya bekas jerawat dan peningkatan kecerahan kulit,None,Terima kasih banyak atas pendapatmu tentang produk kami! Kami senang mendengar bahwa kamu telah menemukan manfaatnya dan kulitmu terlihat lebih cerah. Kami akan terus berusaha untuk meningkatkan kualitas produk kami. Sampai jumpa lagi!,
Positif,"Sebutkan jenis kulit jika ada (misal: berminyak, kering, dll), jika tidak ada tulis 'N/A'",Membantu mengatasi wajah kusam dan memberikan kulit yang cerah dan terawat,None,Terima kasih atas ulasan positif Anda! Kami senang bahwa Lightening Serum Azarine C White Series membantu Anda mendapatkan kulit yang cerah dan terawat. Kami akan terus berusaha untuk mengembangkan produk yang memuaskan Anda. Sampaikan selamat kepada diri sendiri atas perubahan yang positif!,
Positif,N/A,Tekstur ringan dan cepat meresap di kulit,None,Terima kasih sudah mencoba produk skincare Azarine! Kami senang kamu menikmati tekstur yang ringan dan cepat meresap di kulit. Kami akan terus berusaha untuk memberikan produk yang terbaik untuk kamu. Apakah ada pertanyaan atau saran lain yang ingin kamu bagikan?,
Positif,N/A,Mencerahkan kulit,None,Saya sangat senang kamu menyukai produk sunscreen kami! Kami senantiasa berusaha untuk memberikan solusi yang efektif dalam meningkatkan kecantikan kulit. Kami mengucapkan terima kasih atas kepercayaanmu terhadap Azarine. Kami akan terus berkomitmen untuk memberikan produk yang berkualitas tinggi dan membantu kamu dalam mencapai kulit yang cantik.,
Positif,N/A,"Dapat menjaga kulit dari radikal bebas, menutrisi kulit, serta mengobati kulit mati",None,"Terima kasih telah menggunakan produk C White Lightening Serum oleh Azarine, Kami senang produk kami telah membantu Anda untuk menjaga kulit dari radikal bebas dan membersihkan kulit mati! Kami berharap Anda akan terus menikmati manfaat produk kami.",
Positif,Kusam,Membantu mencerahkan wajah dan membuat bekas jerawat memudar,None,"Terima kasih telah memilih produk kami, Azarin! Kami senang mendengar bahwa produk kami membantu mencerahkan wajah dan mengurangi bekas jerawat. Kami akan terus berusaha untuk menyediakan produk yang berkualitas tinggi untuk meningkatkan kepercayaan diri Anda. Jika Anda memiliki pertanyaan atau saran, jangan ragu untuk menghubungi kami!",
Positif,N/A,mencerahkan dan tidak meninggalkan white case pada kulit,None,"{'status': True, 'response': {'title': 'Terima Kasih!', 'message': 'Saya senang kamu menyukai produk sunscreen kami. Kami selalu berusaha untuk memberikan hasil yang memuaskan.', 'signature': 'Salam Hangat dari Tim Azarine'}}",
Positif,N/A,Mencerahkan kulit dalam 7 hari,None,"Terima kasih sudah mencoba produk kami! Kami senang kamu puas dengan hasilnya. Untuk informasi lebih lanjut tentang produk kami, silakan hubungi kami di [kontak kami]. Selamat mencoba produk lainnya!",
Positif,N/A,Merupakan serum ringan yang cepat meresap dengan aroma yang enak,None,Terima kasih atas ulasan Anda! Kami senang produk sunscreen kami membantu Anda memperoleh kulit lembab dan glowing. Kami akan terus berusaha untuk meningkatkan kualitas produk kami untuk mencapai kepuasan pelanggan seperti Anda.,
Positif,N/A,Bekas cerah,None,"{'message': 'Terima kasih sudah mencoba produk sunscreen kami dan memberikan review yang positif! Kami senang mengetahui bahwa produk kami efektif dalam memberikan hasil cerah pada kulit Anda. Kami akan terus memastikan kualitas produk kami untuk memenuhi kebutuhan pelanggan kami. Jika Anda memiliki pertanyaan atau kebutuhan tambahan, jangan ragu untuk menghubungi kami. Hormat kami.', 'name': 'Aza dari Azarine'}",
Positif,N/A,Tekstur produk yang tidak lengket dan kompatibel dengan wajahnya,None,"Terima kasih telah memilih produk kami, Azarine! Kami senang mengetahui bahwa Anda puas dengan kinerja produk kami. Kami akan terus mengembangkan produk yang memenuhi kebutuhan Anda. Selamat menikmati produk kami!",
Positif,N/A,Merapatkan kulit dan membuat wajah lebih cerah,None,Selamat atas pembelian Anda serum Azarine! Kami senang Anda menemukan hasil yang memuaskan. Tekstur yang meresap dengan baik membuat kulit Anda terus terjaga kelembapannya dan tampilan wajah yang lebih cerah. Kami berharap Anda akan terus menikmati produk kami dan akan kembali lagi!,
Positif,N/A,Makin cerah dan cocok untuk semua tipe kulit,None,"Terima kasih atas review positif Anda tentang produk C White Lightening Serum Azarine! Kami senang Anda menyukai hasilnya setelah beberapa hari pemakaian. Untuk informasi tambahan, kami sarankan agar Anda terus menggunakan produk secara rutin untuk mendapatkan hasil maksimal. Selamat mencintai kulitmu yang sehat!",
Positif,N/A,"Tidak membedarkan jenis manfaat, namun produk memberikan kecerahan pada wajah",None,,
Positif,N/A,Cerahan dan meresap ringan di wajah,None,Terimakasih sudah menggunakan produk c white lightening serum dari Azarine! Kami senang mendengar bahwa produk kami telah membantu Anda menambahkan cerahan pada wajah. Kami akan terus berusaha meningkatkan kualitas produk kami untuk memenuhi harapan konsumen. Selamat berkecantikan!,
Positif,N/A,Mencerahkan wajah,None,Terima kasih atas kunjungan Anda ke Azarine! Kami senang mendengar bahwa produk serum kami telah membantu Anda mencapai hasil yang diinginkan. Kami akan terus berusaha untuk memberikan produk yang berkualitas tinggi dan memberikan pelayanan yang baik kepada semua pelanggan. Sampai jumpa lagi!,
Positif,sensitif,mencerahkan wajah tanpa kusam,None,Terima kasih atas kesempatan untuk mencoba produk skincare Azarine Anda! Kami senang mendengar bahwa produk kami telah membantu Anda dalam mencapai kulit yang lebih cerah. Kami memiliki rasa hormat yang sama Anda telah mempercayakan kami untuk perawatan kulit Anda.,
Positif,N/A,Menghilangkan jerawat (auto glowing wajah),None,"Terima kasih telah menggunakannya dan membagikan pengalaman positif Anda tentang c White Lightening Serum Azarine! Kami senang ketika produk kami dapat membantu Anda merasa lebih percaya diri dan memiliki kulit yang sehat. Ingatlah, penting untuk menjaga kulit Anda dari paparan sinar UV dengan menggunakan sunscreen secara rutin. Jika Anda memiliki pertanyaan atau ingin tahu lebih lanjut tentang produk kami, jangan ragu untuk menghubungi kami!",
Positif,N/A,"Membantu kulit terlihat glowing, mengurangi penampilan kusam, dan membuat kulit lebih kenyal dan segar",None,"Terima kasih sangat banyak telah memilih produk C White Serum kami! Kami senang sekali bahwa Anda telah merasakan manfaat dari produk kami. Jika Anda memiliki pertanyaan atau butuh bantuan lebih lanjut, jangan ragu untuk menghubungi kami. Kami selalu siap membantu Anda!",
Positif,N/A,Membuat kulit tidak kusam lagi,None,"Terima kasih sudah memilih Azarine sebagai pilihan produk perawatan kulit Anda! Kami senang Anda menyukai serum kami yang terbuat dari bahan herbal. Kami berkomitmen untuk terus memperbaiki produk kami untuk memenuhi kebutuhan kulit Anda. Jika Anda memiliki pertanyaan atau kekhawatiran, jangan ragu untuk menghubungi kami melalui live chat atau email.",
Positif,N/A,Cepat meresap dan wanginya menyenangkan,None,Terima kasih sudah meninggalkan review positif untuk produk Serum Sunscreen kami! Kami senang melihat Anda menikmati hasil yang memuaskan. Kami akan terus meningkatkan kualitas produk kami untuk Anda dan pelanggan lainnya. Segera sih akan ada promo promosi menarik untuk Anda!,
Positif,N/A,mencerahkan kulit dan vitamin C,None,"{'isi': 'Terima kasih sudah memilih produk azarine. Kami senang sekali mendengar bahwa kamu menyukai produk kami. Semoga kamu terus merasa percaya diri dengan penampilan kamu dengan menggunakan produk kami.', 'nama': 'Dewi', 'jabatan': 'Customer Care'}",
Positif,N/A,Mencerahkan kulit dan wangi yang segerr,None,Halo! Terima kasih telah memilih Azarine sebagai pilihan produk Anda! Kami senang mendengar bahwa Anda merasa puas dengan hasilnya. Serotonin Azarine Serum yang mengandung Vitamin C juga telah membantu meningkatkan kecerahan kulit Anda. Kami sangat berterima kasih atas kepercayaan Anda dan akan terus berusaha untuk memberikan produk yang terbaik untuk Anda.,
Positif,N/A,"Bikin muka cerah, lembab, menyamarkan noda hitam dan bekas jerawat",None,Terima kasih sudah memilih Azarine sebagai pilihan Anda! Kami senang bahwa produk kami sudah memberikan hasil yang Anda harapkan. Kami akan terus berusaha untuk meningkatkan kualitas produk kami. Selamat mencoba produk lainnya dari Azarine!,
Positif,N/A,"Memberikan kulit yang glowing, lembab, dan sehat",None,"Selamat atas pilihan produk kami, customer! Kami senang mengetahui bahwa serum sunscreen kami dapat memberikan hasil yang positif bagi Anda. Terimakasih atas ulasan Anda, dan kami akan terus meningkatkan kualitas produk untuk memberikan kepuasan lebih kepada Anda dan komunitas kami. 💕",
Positif,N/A,"Membuat kulit lebih lembab dan glowing, membuat kulit lebih sehat dan cantik",None,Terima kasih sudah mencoba produk sunscreen kami dan membagikan pengalaman positif! Kami senang produk kami dapat membantu membuat kulit Anda lebih sehat dan cantik. Kami harap Anda akan terus menikmati manfaat produk kami.,
Positif,N/A,Merangsang kulit agar selalu terasa fresh dan segar,None,"Terima kasih telah memilih produk kami, C White Serum. Kami senang Anda puas dengan hasilnya. Kepada para pembaca yang ingin mencoba produk kami, kami berharap Anda juga akan mengalami hasil yang sama. Silakan hubungi kami jika Anda memiliki pertanyaan atau komplain.",
Positif,N/A,Membuat kulit lebih cerah,None,"Terima kasih sudah menggunakan produk Lightening Serum kami, Azarine! Kami senang mendengar bahwa Anda merasakan hasil yang positif dari produk kami. Kami senang bisa membantu Anda untuk memiliki kulit yang lebih cerah dan sehat. Segera mencoba produk lainnya!",
Positif,N/A,Berminyak (teksurnya ringan dan mudah terlihat hasilnya),None,Terima kasih sudah memilih produk sunscreen kami! Kami senang mendengar bahwa Anda telah melihat perbedaan positif setelah menggunakan produk kami. Kami akan tetap berusaha untuk memberikan produk berkualitas tinggi untuk Anda. Kami mengharapkan Anda untuk terus menggunakan produk kami dan memberikan umpan balik positif lainnya.,
Positif,N/A,Menghasilkan warna kulit yang lebih cerah (glowing) dalam waktu 7 hari,None,"Terima kasih telah memilih produk kami! Kami senang mendengar bahwa Anda merasakan manfaat dari produk sunscreen kami. Untuk mendapatkan hasil yang lebih optimal, kami sarankan Anda untuk terus menggunakan produk kami secara rutin dan menjaga pola hidup sehat dan aktif. Jika Anda memiliki pertanyaan atau kebutuhan tambahan, jangan ragu untuk menghubungi kami.",
Positif,N/A,Berkulit glowing dalam waktu singkat,None,"Terima kasih banyak sudah mencoba produk sunscreen kami! Kami senang sekali mendengar bahwa serum kita berhasil membuat kulit Anda berminyak. Jika Anda memiliki pertanyaan atau ingin tahu lebih banyak tentang produk kami, silakan hubungi kami di akun sosial media kami atau langsung menghubungi kami di [nomor telepon kami].",
Positif,N/A,Mencerahkan wajah,None,Terima kasih telah memilih produk kami! Kami senang membaca bahwa serum sunscreen kami efektif untuk mencerahkan wajah Anda. Kami akan terus meningkatkan produk kami untuk memenuhi kebutuhan Anda.,
Positif,N/A,"Glowing, lembab, dan nutrisi",None,"Terima kasih telah membagikan review positif tentang produk Sunscreen Azarine! Kami senang ketika produk kami membantu kulit Anda menjadi lebih glowing dan lembab. Produk Skincare Azarine dirancang untuk memberikan nutrisi yang optimal dan melindung kulit dari dampak negatif lingkungan. Kami berharap Anda akan terus menggunakan produk kami dan mencoba varian produk lainnya untuk memuaskan kebutuhan kulit Anda. Jika Anda memerlukan informasi tambahan atau memiliki pertanyaan, silakan hubungi kami di [email@azarine]. Kami akan senang membantu!",
Positif,N/A,Bisa mencerahkan wajah,None,"Terima kasih Anda telah memilih produk Sunscreen C White Lightening Serum kami! Kami senang mendengar bahwa produk kami sudah menunjukkan perubahan positif pada wajah Anda. Kami akan terus meningkatkan kualitas produk kami agar Anda dapat terus merasakan manfaatnya. Untuk informasi lebih lanjut tentang produk kami, jangan ragu untuk bertanya.",
Positif,N/A,"Mencerahkan kulit, melembapkan kulit, dan mengencangkan kulit",None,"Terima kasih sudah memilih produk kami, Azarine! Kami senang Anda puas dengan Whitening Serum kami. Kandungan lemon alami dan bahan aktif lainnya memang dapat membantu mencerahkan kulit dan mengencangkan kulit. Kami akan terus mengembangkan produk-produk yang lebih baik untuk Anda. Mohon terus mendukung kami!",
Positif,kering,"mengatasi kulit kusam, kering dan beruntusan",None,"Terima kasih atas ulasan Anda tentang produk Vitamin C Serum kami! Kami sangat senang mendengar bahwa produk kami telah membantu mengatasi masalah kulit Anda. Kami akan terus berusaha untuk memberikan produk yang berkualitas tinggi dan memenuhi kebutuhan pelanggan kami. Jika Anda memiliki pertanyaan atau saran, jangan ragu untuk menghubungi kami.",
Positif,N/A,Menghasilkan kulit yang glowing dan tidak kusam,None,"Terima kasih telah memilih produk kami! Kami senang mendengar bahwa Anda telah mengalami manfaat dari produk kami. Jika Anda memiliki pertanyaan atau kebutuhan lebih lanjut, jangan ragu untuk menghubungi kami.",
Positif,sensitif,memberikan nutrisi dan mencerahkan kulit,None,"Terima kasih sudah memilih produk kami! Kami senang mendengar bahwa serum kami cocok untuk jenis kulit Anda yang sensitif. Kami berharap Anda dapat terus menggunakan produk kami dan merasakan manfaatnya. Jika Anda memiliki pertanyaan atau kebutuhan adanya, jangan ragu untuk menghubungi kami.",
Positif,N/A,Membuat kulit makin glowing dan cantik,None,"Terima kasih telah memilih produk serum kami! Kami sangat senang melihat bahwa Anda merasakan manfaat dari produk kami. Untuk hasil yang lebih maksimal, pastikan untuk tetap menggunakan produk kami dengan rutin dan konsisten. Jika Anda memiliki pertanyaan atau kebutuhan lain, jangan ragu untuk menghubungi kami. Kami selalu siap membantu!",
Positif,N/A,Membuat kulit terlihat cerah dan glowing,None,Terima kasih telah memilih produk Azarine! Kami senang mendengar bahwa serum Anda berhasil memberikan hasil yang diinginkan. Bahan-bahan alami dalam serum kami dipilih untuk memenuhi kebutuhan kulit Anda secara alami. Harap terus menggunakan produk kami untuk mendapatkan hasil terbaik. ❤️,
Positif,N/A,"Sunscreen yang cocok, bahan alami, tekstur mudah meresap, ringan dan BPOM (yg menjamin keamanan produk)",None,Terima kasih telah meninggalkan ulasan positif tentang produk kami! Kami senang produk kami cocok untuk Anda. Kami akan terus meningkatkan kualitas produk kami agar tetap aman dan efektif.,
Positif,N/A,Membuat kulit tampak cerah dan glowing,None,"Terima kasih telah memilih serum Azarine untuk perawatan kulit Anda! Kami senang sekali mendengar bahwa Anda telah melihat hasil yang baik. Kandungan kami yang alami seperti Australian Kakadu Plum, Niacinamide, Hyaluronic Acid, Purslane, dan Papaya memang sangat efektif dalam membuat kulit cerah dan glowing. Kami senang Anda merasa puas dengan produk kami dan kami berharap Anda akan terus menggunakan produk kami untuk mencapai kulit yang sehat dan cantik. Selamat berbelanja lagi di Azarine!",
Positif,N/A,Memberikan kulit yang terlihat glowing dan sehat,None,Terima kasih telah menggunakan produk Lightening Serum Azarine. Kami senang ketahuan bahwa Anda menyukai hasilnya! Bahan-bahan alami yang kami gunakan memang sangat aman dan efektif untuk membantu kulit Anda terlihat lebih cerah. Kami akan terus meningkatkan kualitas produk kami untuk memberikan hasil yang lebih baik. Tolong terus mendukung kami dan berbagi pengalaman Anda dengan teman-teman!,
Positif,N/A,"Tidak lengket, cepat meresap, wangi enak, melembabkan kulit, membuat kulit kenyal",None,Terima kasih sudah memilih produk kami. Kami senang Anda puas dengan performa dan aroma produk kami. Kami akan terus meningkatkan kualitas produk kami untuk Anda.,
Positif,N/A,"Kandungan niacinamide, hyaluronic acid, dan papaya yang efektif dalam mencerahkan kulit dan memberikan kulit lembab lembab.",None,"Terima kasih sudah memilih serum lightening Azarine! Kami senang Anda puas dengan kualitas dan efektivitas produk kami. Untuk informasi lebih lanjut tentang produk kami atau saran kulit, Anda dapat menghubungi kami di [kontak kami] kami akan dengan senang hati membantu Anda!",
Positif,N/A,"Mengurangi kelembaban kulit dengan memberikan perasaan adem, lembut, dan wangi",None,Terima kasih telah memilih rangkaian skincare Azarine! Kami senang mendengar bahwa produk kami telah memberikan Anda hasil yang diinginkan. Kami selalu siap membantu Anda dalam memenuhi kebutuhan perawatan kulit Anda. Selamat berkecimpung di Azarine!,
Positif,N/A,"Mencerahkan, melembabkan",None,Terima kasih sudah memilih Azarine. Kami senang mengetahui bahwa Anda puas dengan produk kami. Kami terus meningkatkan kualitas untuk Anda.,
Positif,"kering, berminyak","melembabkan, mencerahkan, menghilangkan bekas jerawat",None,"Terima kasih telah memilih produk kami! Kami senang Anda puas dengan hasilnya. Vitamin C dalam produk kami memang efektif untuk mencerahkan kulit serta membantu menghilangkan bekas jerawat. Jika Anda memiliki pertanyaan atau kebutuhan lebih lanjut, jangan ragu untuk menghubungi kami.",
Positif,N/A,Membantu mengubah penampilan kulit wajah dalam beberapa kali pemakaian.,None,"Terima kasih telah mencoba produk sunscreen kami! Kami senang mendengar bahwa kamu menyukai aroma produk kami. Kami berharap kamu akan terus menggunakan kami dan melihat perubahan signifikan pada kondisi kulitmu. Jika kamu memiliki pertanyaan atau kebutuhan tambahan, jangan ragu untuk bertanya.",
Positif,N/A,"Wajah kelihatan lebih seger dan glowing, serta tekstur yang mudah menyerap dan tidak lengket",None,"Terima kasih telah menggunakan produk AZARINE! Kami senang mendengar bahwa kamu merasakan manfaatnya. Kami harap kamu terus menggunakan produk kami untuk mendapatkan hasil yang lebih baik. Jika kamu memiliki pertanyaan atau kebutuhan tambahan, jangan ragu untuk menghubungi kami.",
Positif,kering,"melembabkan, mencerahkan, hilangin bekas jerawat",None,Terima kasih telah memilih Azarine sebagai produk Anda! Kami senang mendengar bahwa Anda puas dengan kinerja produk kami. Vitamin C dalam produk kami membantu untuk mencerahkan serta memperbaiki kulit kering. Apakah Anda memiliki pertanyaan atau memerlukan saran pilihan produk yang lebih sesuai untuk kulit Anda? Kami akan senang membantu.,
Positif,N/A,Mencerahkan kulit dan menyamarkan noda bekas jerawat,None,"Terima kasih atas kunjungan Anda ke Azarine! Kami senang melihat produk kami telah membantu Anda menemukan solusi yang efektif untuk kebutuhan kulit Anda. Produk Serum untuk Pencerahan dan Perawatan Bintik Bekas Jerawat kami dirancang untuk membantu mencerahkan kulit dan menyamarkan noda bekas jerawat, serta meningkatkan kesehatan kulit. Kami berharap Anda terus puas dengan produk kami dan terus melacak kemajuan perawatan kulit Anda. Jika Anda memiliki pertanyaan atau kebutuhan lebih lanjut, jangan ragu untuk menghubungi kami!",
Positif,N/A,"produk memberikan tekstur ringan, mudah meresap, tidak lengket, dan tidak ada whitecast, serta membuat kulit lebih glowing.",None,"Terima kasih atas ulasan Anda! Kami senang Anda puas dengan hasil produk Azarine. Kami akan terus meningkatkan kualitas produk untuk kepuasan Anda. Selanjutnya, jangan ragu untuk mencoba produk lainnya dari kami. Hargai kulit Anda dengan produk terbaik!",
Positif,N/A,"teksur produk nyaman, mudah meresap, tidak lengket, wajah bisa menjadi cerah",None,"Selamat atas pilihan Anda memilih produk Sunscreen Azarine! Kami senang mendengar bahwa Anda puas dengan tekstur produk kami. Jika Anda ingin mencari produk yang dapat meningkatkan kesempurnaan kulit Anda, kami sarankan Anda mencoba serum Azarine yang telah Anda sebutkan. Terima kasih atas review Anda dan selamat menikmati produk kami!",
Positif,kulit sensitif,Membuat kulit cerah dan lembab,None,"Terima kasih atas ulasan Anda tentang Serum Azarine. Kami senang mendengar bahwa serum tersebut telah membantu Anda mencapai kulit cerah dan lembab. Jika Anda memiliki pertanyaan atau membutuhkan bantuan lebih lanjut, jangan ragu untuk menghubungi kami. Kami selalu siap membantu!",
Positif,sensitif,membuat wajah lebih cerah dan tekstur yang ringan,None,Terima kasih sudah mereview produk kami! Kami senang mendengar bahwa produk kami efektif membuat wajah lebih cerah dan mudah menyerap. Kami akan terus mengembangkan produk yang sesuai dengan kebutuhan pelanggan seperti Anda. Selamat berkesempatan menggunakan produk kami!,
Positif,sensitif,"Tidak lengkep, kulit wajah lembab dan kenyal menyegarkan",None,Terima kasih atas ulasan Anda! Kami senang mengetahui bahwa serum Azarine dapat menemukan tempat di hati Anda. Kami senang bisa membantu Anda menjaga kesehatan kulit Anda. Silakan terus berkonsultasi dengan kami jika Anda memiliki pertanyaan atau kebutuhan lainnya.,
Positif,sensitive,"Mencerahkan kulit wajah, menghindari kusam",None,"Terima kasih atas review positif Anda tentang C Light Serum Azarine! Kami senang produk kami dapat memenuhi harapan Anda. Untuk kulit sensitif, kami sarankan untuk tetap melakukan perawatan kulit secara hati-hati dan konsisten untuk mendapatkan hasil maksimal. Selamat terus menggunakan produk kami!",
Positif,N/A,"Cepat meresap ke kulit, tidak lengket, dan hasilnya bagus",None,Terima kasih telah menggunggah review tentang produk serum kami! Kami sangat senang mendengar bahwa Anda merasakan pengalaman positif dengan produk kami. Kami akan terus berkomitmen untuk memberikan produk yang berkualitas dan efektiif untuk kulit Anda. Silakan tingkatkan pengalamab Anda dengan menggunakan produk kami secara teratur.,
Positif,N/A,Menghasilkan kulit lebih cerah dan glowing,None,Terima kasih atas review positif Anda tentang Serum Azarine! Kami senang mendengar bahwa produk kami telah membantu membuat kulit Anda lebih cerah dan glowing. Kami akan terus meningkatkan kualitas produk kami untuk memenuhi kebutuhan pelanggan kami.,
Positif,N/A,Mencerahkan dan melembabkan,None,"Terima kasih telah membagikan pengalaman Anda dengan produk serum sunscreen kami! Kami senang Anda merasa puas dengan konsistensi dan tekstur produk, serta manfaat mencerahkan dan melembabkan. Karena kemajuan kami dalam teknologi dan pengembangan produk, kami menjamin bahwa kandungan produk kami terjamin keamanan dan efektifitasnya. Kami senang Anda merekomendasikan produk kami dan akan terus mencoba meningkatkan kualitas produk kami untuk menghidupi harapan kami.",
Positif,N/A,"Cocok untuk kulitku, mudah menyerap, wangi enak, dan tidak menyebabkan jerawatan.",None,Terima kasih telah memilih Azzarine serum sebagai pilihan kulit Anda. Kami senang Anda menemukan produk yang sesuai dengan kebutuhan kulit Anda. Kami sangat menghargai kesetiaan Anda dan berharap Anda akan terus menikmati hasil yang positif dari produk kami.,
Positif,N/A,produk yang ringan dan cepat meresap,None,Terima kasih sudah mencoba produk Azarine! Kami senang mendengar bahwa produk kami dapat menyenangkan experience Anda. Kami sangat senang Anda merasakan hasil yang baik selama 3x pemakaian. Kami akan terus berusaha untuk meningkatkan kualitas produk kami.,
Positif,sensitif,Membuat kulit lebih cerah dan lembab,N/A,"Terima kasih atas review Anda! Kami senang Azarine dapat membantu Anda memiliki kulit yang lebih cerah dan lembab. Kami percaya bahwa setiap kulit unik dan indah dalam cara sendiri, jadi kami senang Azarine dapat menyesuaikan dengan kebutuhan kulit Anda. Bolehkah kami membantu Anda menemukan produk lain dari kami yang sesuai dengan kebutuhan kulit Anda?",
Positif,N/A,Efektif dalam cerahin kulit dan tidak lengket,Kurangnya kemasan yang nyaman,Terima kasih sudah memilih produk kami! Kami senang Anda puas dengan hasilnya. Kami akan membawa perubahan pada kemasan untuk memberikan pengalaman yang lebih baik di masa depan. Selamat beraktivitas!,
Positif,"kusam, kering",produk sunscreen dapat melembabkan dan mencerahkan kulit,None,Terima kasih atas ulasan Anda tentang produk C White Lightening Serum kami. Kami senang mengetahui bahwa produk kami dapat membantu membuat kulit Anda lebih cerah dan lembab. Kami berharap Anda akan terus menggunakan produk kami dan menikmati manfaatnya.,
Positif,jerawat atau normal,Mudah digunakan dan cocok untuk semua jenis kulit yang mengalami jerawat,None,"Terima kasih sudah menggunakan produk AZARINE C WHITE SERIES, kami senang Anda mendapatkan manfaat dari produk kami. Jika Anda memiliki pertanyaan atau kesediaan untuk menggunakan produk kami lagi, silakan hubungi kami di kontak yang ada di situs web kami.",
Positif,N/A,"Penggunaan sel kulit mati diperkuat, kulit terlihat cerah dan terjaga kelembaban",None,Terima kasih sudah melakukan review produk kami. Kami senang sekali Anda merasakan manfaat dari kandungan serum kami. Kami akan terus berusaha meningkatkan kualitas produk kami supaya lebih sesuai dengan kebutuhan Anda. Selamat menggunakannya!,
Positif,N/A,"banyak yang pakai, bikin semangat pakai skincare, wangi teksturnya lembut",None,"Terima kasih atas review Anda tentang produk Azarine yang sangat membantu kami meningkatkan kualitas produk kami. Kami senang Anda mendapatkan manfaat dari produk kami dan kami harap Anda akan terus menikmati hasilnya. Jika Anda memiliki pertanyaan atau saran, jangan ragu untuk menghubungi kami.",
Positif,N/A,"Sunscreen ini ringan, cepat meresap, dan tidak lengket sehingga dapat langsung digunakan setelah skincare berikutnya. Selain itu, kandungan niacinamide dan kakadu plumnya efektif untuk mencerahkan kulit, serta kandungan hyaluronic acid yang menjaga kelembapan kulit.",None,"Terima kasih telah menggunakan produk sunscreen kami! Kami senang mendengar bahwa Anda telah menikmati hasilnya. Niacinamide dan kakadu plum efektif untuk mencerahkan kulit, sedangkan hyaluronic acid membantu menjaga kelembapan kulit. Kami harap Anda akan terus menggunakan produk kami dan menikmati manfaatnya. Jika Anda memiliki pertanyaan atau saran, jangan ragu untuk menghubungi kami.",
Positif,N/A,Membuat kulit wajah lebih cerah dan membantu meredakan bekas jerawat,None,Terima kasih atas feedback positif Anda atas produk serum kami! Kami senang sekali mendengar bahwa Anda sudah memperhatikan hasilnya dan merasakan perbedaan pada kulit wajah Anda setelah menggunakan produk kami. Kami akan terus berupaya untuk mengembangkan produk yang lebih baik untuk Anda dan keluarga Anda.,
Positif,N/A,"Membuat wajah cerah, glowing dan sehat dengan kandungan Niacinamide",None,"Terima kasih telah memilih produk Azarine! Kami senang bahwa Anda puas dengan hasilnya. Jika Anda memiliki pertanyaan atau ingin tahu lebih lanjut tentang produk kami, silakan hubungi kami melalui halaman kontak kami.",
Positif,N/A,Dapat meresap ke kulit dengan cepat dan memiliki wangi yang enak,None,Terima kasih telah mencoba produk sunscreen Azarine! Kami senang Anda puas dengan tekstur dan wanginya. Azarine akan terus berusaha untuk meningkatkan kualitas produk untuk kenyaman dan kepuasan Anda.,
Positif,sebagian besar wajah,serumnya cepat meresap,N/A,"Terima kasih sudah memilih produk kami, Azarine! Kami senang Anda puas dengan hasil serum kami. Kami akan terus berusaha untuk memberikan produk yang berkualitas tinggi. Bantuan lebih lanjut atau pertanyaan, silakan hubungi kami.",
Positif,N/A,"Wajah cerah dan lembab, bintik-bintik hitam memudar",None,Terima kasih telah menggunakan produk kami dan telah berkontribusi pada kualitas produk kita dengan meninggalkan ulasan yang sangat membantu! Kami senang mengetahui bahwa produk kami dapat membantu Anda mencapai sasaran kecantikan Anda. Harapan kami Anda terus puas dengan produk kami dan akan terus mendukung Anda dalam perjalanan kecantikan Anda dengan produk-produk kami.,
Positif,N/A,"Cepat meresap, tidak lengket, tekstur bagus, ringan, cocok untuk kulit wajah",None,Terima kasih atas ulasan positif Anda tentang produk Serum Azarine! Kami senang Anda menyukai tekstur dan kenyamanan produk di kulit Anda. Kami akan terus berusaha untuk meningkatkan kualitas produk kami untuk meningkatkan kepuasan pelanggan. Segera kunjungi toko online kami untuk membeli lagi produk yang Anda suka!,
Positif,N/A,Menyamarkan bekas jerawat dan tidak membuat kulit iritasi,None,Terima kasih telah memilih produk kami! Kami senang Anda merasakan manfaat dari serum vitamin C kami. Kami akan terus berusaha untuk meningkatkan kualitas produk kami untuk memenuhi kebutuhan Anda. Apresiasi Anda sangat berharga bagi kami.,
Positif,berminyak,bekerja dengan baik dan meningkatkan perawatan kulit,None,Terima kasih telah memilik serius serum dari kami dan memberikan feedbak positif. Kami senang Anda menyukai manfaat produk kami untuk kulit wajah Anda. Kami akan terus meningkatkan kualitas produk dan pelayanan kami untuk Anda.,
Positif,N/A,Bisa mencerahkan,None,"Terima kasih sudah mengulas produk kami! Kami senang sekali bahwa Anda menyukai kemasan dan harga produk kami. Serum kami memang bisa membantu meningkatkan kecerahan pada kulit. Untuk saran Anda, kami senang mengetahui bahwa Anda ingin mencoba produk kami lagi. Kami akan terus berusaha untuk meningkatkan kualitas dan kepuasan pelanggan. Terima kasih atas kepercayaan Anda kepada Azarine!",
Positif,N/A,Mencerahkan,None,Terima kasih sudah mencoba produk kami! Kami senang mendengar bahwa kamu menyukai kemasan ringan dan harga yang terjangkau. Kami juga senang produk kami cocok untuk kebutuhan kamu. Kami sarankan Anda untuk terus menggunakan produk kami agar mendapatkan hasil yang lebih baik. Terima kasih atas kesetiaan Anda sebagai pelanggan kami!,
Positif,N/A,"Mencerahkan wajah, melembabkan, dan memiliki kandungan bagus",None,"Terima kasih sudah meninggalkan ulasan yang bagus tentang produk sunscreen kami! Kami senang sekali kamu puas dengan hasilnya. Jika kamu memiliki pertanyaan lain atau butuh saran skincare, jangan ragu untuk menghubungi kami lagi",
Positif,N/A,"Bikin wajah lebih cerah, kenyal, dan sehat",None,Terima kasih sudah menggunakan produk Azarine! Kami senang mendengar bahwa serum c-white lightening serum kami telah membantu membuat wajah Anda lebih cerah dan sehat. Kami akan terus berusaha untuk meningkatkan kualitas produk kami untuk memenuhi kebutuhan Anda. Sampai jumpa lagi!,
Positif,N/A,"Membuat kulit wajah lebih cerah dan kenyal, dilihat dari pencerahan dan nutrisi yang didapatkan.",None,Terima kasih atas review Anda yang membantu. Kami sangat senang mendengar bahwa produk Azarine C White Lightening Serum telah memberikan dampak positif pada kulit wajah Anda. Kami sangat senang membantu Anda mencapai kulit yang cantik dan sehat.,
Positif,N/A,"Bisa membuat kulit lebih cerah & kenyal, serta mengecilkan pori-pori",None,Selamat atas keputusan Anda untuk mencoba produk serum kami! Kami senang mendengar bahwa serum kami telah membantu Anda merasa lebih cerah dan kenyal. Kami akan terus berkomitmen untuk menyediakan produk berkualitas terbaik untuk Anda. Terima kasih atas dukungan Anda!,
Positif,N/A,Mencerahkan kulit,None,"Terima kasih telah memilih produk serum Azarine! Kami senang melihat Anda telah menikmati hasil yang positif dari penggunaan produk kami. Produk kami dirancang untuk membantu mencerahkan kulit dan mengurangi noda bekas jerawat. Kami senang menjadi bagian dari perjalanan kecantikan Anda. Untuk informasi lebih lanjut atau pertanyaan, jangan ragu untuk menghubungi kami.",
Positif,N/A,Sunscreen ini ampuh melindungi kulit dan cocok untuk berbagai jenis kulit,None,"Terima kasih telah memilih produk sunscreen kami, Azarine! Kami senang mendengar bahwa Anda puas dengan hasilnya. Kami akan terus berusaha untuk menyediakan produk yang berkualitas tinggi bagi Anda dan semua pelanggan kami. Sertai komunitas kami di media sosial untuk mendapatkan informasi tentang produk terbaru dan promosi!",
Negatif,N/A,Efek brightening yang tidak dirasakan,Produk menyebabkan peeling meskipun dipakai setelah sunscreen,Terima kasih atas review Anda. Kami sangat menyayangkan bahwa serum vitamin C kami tidak memberikan efek yang Anda harapkan. Kami akan memperhatikan lebih lanjut untuk menyempurnakan produk kami. Apakah Anda mungkin ingin mencoba produk lain dari kami yang mungkin lebih sesuai dengan kebutuhan kulit Anda?,
Positif,Berminyak (dengan bekas jerawat),Mengurangi bekas jerawat dan meningkatkan tekstur kulit,Tidak ada,Terima kasih banyak telah memilih Azarine sebagai produk kecantikan Anda. Kami senang bahwa Anda telah melihat hasil yang positif dari penggunaan produk kami. Kami akan terus berusaha untuk mempertahankan kualitas produk kami dan menghadirkan produk yang lebih baik untuk Anda dan keluarga Anda,
Positif,N/A,Memberikan efek nyerahin yang terlihat dan tidak menyebabkan peeling pada kulit,Baunya nyengat pada awal kali digunakan,Selamat atas pilihan Anda untuk produk serum kami! Kami senang Anda menyukai kinerja produk kami. Jangan ragu untuk menghubungi kami jika Anda memiliki pertanyaan atau kebutuhan lebih lanjut. Terima kasih atas Review Anda!,
Positif,N/A,Produk dapat mengurangi bekas jerawat,None,"Terima kasih atas review Anda! Kami senang mendengar bahwa produkJerawat Anda berhasil dengan produk kami. Namun, kami ingin menyampaikan bahwa produk ini lebih sesuai digunakan pada kulit yang sehat, bukan sebagai pengganti terapi jerawat. Jika Anda memiliki pertanyaan atau kebutuhan lebih lanjut, silakan hubungi kami.",
Positif,N/A,Mencerahkan wajah,None,Terima kasih atas feedback positif Anda! Kami senang Anda puas dengan produk Azarine. Kami akan terus bekerja keras untuk memberikan produk yang berkualitas dan menguntungkan Anda.,
Negatif,N/A,Tidak ada manfaat yang dirasakan oleh pelanggan (mencerahkan warna kulit tidak tercapai),"Produk tidak efektif, tidak ada perubahan pada warna kulit, harga terlalu rendah jika dibandingkan dengan kinerja produk","Terima kasih atas umpan balik Anda! Kami menyesal untuk menyadari bahwa produk kami tidak dapat memenuhi harapan Anda. Kami akan menggunakan informasi ini untuk meningkatkan kualitas produk kami. Sekali lagi, kami berterima kasih atas saran Anda dan berharap Anda akan mencoba produk kami lainnya di masa depan.",
Positif,kering,Melembabkan kulit dan membuat kulit lebih cerah,None,"Terima kasih telah memilih produk Azarine c White Lightening Serum. Kami senang mengetahui bahwa Anda telah melihat perbedaan pada kulit Anda. Saya akan mengajak Anda untuk terus menggunakan produk kami untuk mencapai hasil yang optimal. Jika Anda memiliki pertanyaan atau membutuhkan bantuan, jangan ragu untuk menghubungi tim kami.",
Positif,N/A,Cerahkan dan ringan di wajah; aman untuk bumil dan busui,None,"Terima kasih atas ulasan positif Anda, kami senang Anda meregangkan kepercayaan atas kualitas produk kami. Azarine terus berkomitmen untuk memberikan produk yang aman dan efektif untuk semua jenis kulit.",
Positif,N/A,Membuat wajah lebih cerah,None,"Terima kasih sudah mencoba produk kami! Kami senang membantu Anda mendapatkan kulit yang lebih cerah. Jika Anda memiliki pertanyaan atau kebutuhan lain, jangan ragu hubungi kami!",
Positif,N/A,Mencerahkan kulit dan memberikan nutrisi pada kulit,None,Terima kasih telah memilih produk kami! Kami senang Anda puas dengan hasilnya. Aroma jeruk favorit Anda pun membuat kami bahagia. Semoga produk kami selalu memuaskan Anda dan kirimkan feedback lagi jika Anda membutuhkan.,
Positif,N/A,"melembabkan, meratakan warna kulit, membantu mengurangi noda-noda bekas jerawat",None,"Terima kasih telah memilih produk kami! Kami senang melihat kamu menikmati hasilnya. Jika kamu memerlukan bantuan lebih lanjut atau memiliki pertanyaan, jangan ragu untuk bertanya. Kepuasan pelanggan adalah prioritas kami!",
Positif,N/A,"Membuat wajah lebih cerah dan menghilangkan kusam, serta membantu menghilangkan bekas jerawat",None,Terima kasih sudah mencoba produk kami! Kami senang mendengar bahwa produk kami membantu membuat wajah Anda lebih cerah dan menghilangkan kusam. Kami juga senang mendengar bahwa serum kami membantu menghilangkan bekas jerawat Anda. Kami berharap Anda akan terus menggunakan produk kami dan memberikan umpan balik pada keberlanjutan Anda.,
Positif,N/A,"Membuat wajah lebih cerah, kencang, dan kenyal",None,Terima kasih atas ulasan Anda atas Serum Azarine Vitamin C! Kami senang Anda menyukai hasilnya. Ingatlah untuk menggunakan serum secara merata dan pijat halus pada wajah agar lebih meresap. Kami sarankan Anda untuk terus menggunakan night cream vitamin C kami untuk mendapatkan hasil yang lebih maksimal. Semoga Anda akan tetap senang dengan produk kami!,
Positif,N/A,Membuat kulit cerah dan tidak menyebabkan muka kering atau berjerawat,None,"Terima kasih banyak sudah mencoba produk Azarine Serum Sunscreen kita! Kami senang mendengar bahwa produk kami membantu membuat kulit Anda terlihat lebih cerah dan sehat. Jika Anda memiliki pertanyaan apapun atau membutuhkan bantuan dengan produk kami, jangan ragu untuk menghubungi kami. Kami akan senang membantu!",
Positif,N/A,Cerahkan dan calming wajah,Sensitif,"Selamat atas pilihan Anda untuk menggunakan serum vitamin C kami! Kami senang Anda merasa cerahkan dan calming wajah setelah menggunakan produk kami. Kami juga mengucapkan terima kasih atas keterangan yang Anda berikan tentang sensitivitas kulit Anda. Kami telah menerima komentar Anda dan akan menjalankan analisis untuk meningkatkan produk kami. Jika Anda memiliki pertanyaan atau kekhawatiran, silakan hubungi kami di support@azarine.com. Kami akan dengan senang hati membantu!",
Positif,N/A,Serum membuat wajah lebih cerah dan menghilangkan bekas jerawat,None,Terima kasih atas ulasan positif Anda tentang produk kami! Kami senang tahu bahwa Anda puas dengan hasil yang Anda rasakan. Kami akan terus berusaha untuk memberikan produk-produk terbaik untuk membantu Anda memiliki kulit yang sehat dan terawat. Selamat berkreasi dengan produk kami!,
Positif,tidak disebutkan secara spesifik,"Bikin kulit kenyal, melembabkan kulit, kulit semakin cerah, dan mengurangi kemerahan di wajah",None,"Terima kasih telah memilih produk sunscreen Azarine! Kami senang mendengar bahwa produk kami telah membantu membuat kulit Anda lebih sehat dan cerah. Jika Anda membutuhkan bantuan lebih lanjut atau memiliki pertanyaan, jangan ragu hubungi kami. Selalu menyenangkan melayani Anda.",
Positif,N/A,"Mengandung kandungan niacinamide dan hyaluronic acid yang baik untuk kulit, serta dapat menunjukkan hasil yang mantap.",None,Terima kasih telah mencoba produk sunscreen kami! Kami senang mendengar bahwa produk kami telah membantu mengatasi masalah kulitmu. Kami selalu berusaha untuk menyediakan produk yang berkualitas tinggi dan aman untuk digunakan. Kami harap Anda tetap menjadi pelanggan setia kami!,
Positif,N/A,Mengeringkan dan mengempeskan jerawat,None,"Terima kasih telah memilih produk kami, Serum Wajah Azarine. Kami senang Anda merasa puas dengan hasilnya dalam waktu kurang dari 3 hari. Kami akan terus berusaha untuk meningkatkan kualitas produk kami untuk memberikan hasil yang lebih baik. Silakan kontak kami jika Anda memiliki pertanyaan atau komplain lainnya.",
Positif,N/A,Mencerahkan wajah dan menghilangkan dark spot,None,"Terima kasih atas review positif Anda tentang produk kami! Kami senang Anda puas dengan hasil penggunaan. Untuk pertanyaan lebih lanjut atau bantuan, jangan ragu untuk menghubungi kami.",
Positif,N/A,"Menyebabkan wajah glowing, tekstur ringan",None,Terima kasih telah meninggalkan review yang positif untuk produk kami! Kami senang Anda menemukan hasil yang positif setelah menggunakan produk kami. Silakan terus menggunakan produk kami untuk menjaga kulit Anda tetap sehat dan bercahaya!,
Positif,N/A,"Membuat kulit lebih kenyal, segar dan cerah",None,Terima kasih sudah mencoba produk kami! Kami senang mendengar bahwa Anda telah mengalami perubahan positif pada wajah Anda. Kami akan terus berusaha untuk meningkatkan kualitas produk kami untuk memenuhi kebutuhan Anda. Sampai jumpa lagi!,
Negatif,N/A,N/A,Produk serum rangkaian brightening menyebabkan kulit breakout parah,"Terima kasih telah membagikan pengalaman Anda dengan produk kami. Kami sangatlah menyesal bahwa produk kami tidak dapat memenuhi kebutuhan Anda. Kami ingin menjelaskan bahwa setiap individu memiliki reaksi kulit yang unik, dan kami akan senang membantu Anda menemukan produk yang lebih sesuai dengan kebutuhan Anda. Silakan hubungi kami untuk informasi lebih lanjut tentang pengembalian produk atau pertukaran dengan produk lain yang mungkin lebih cocok dengan kulit Anda. Kami sangat menghargai perhatian Anda dan komitmen kami dalam memberikan produk yang berkualitas tinggi.",
Positif,N/A,Membuat wajah lebih cerah dan lembab,None,Terima kasih sudah meninggalkan ulasan tentang produk sunscreen kami! Kami senang mendengar bahwa produk kami berhasil membuat wajah Anda lebih cerah dan lembab. Kami akan terus berusaha untuk meningkatkan kualitas produk untuk kenyamanan Anda. Selamat datang kembali di Azarine!,
Positif,kering & sensitif,"teksur ringan, cepet meresap, aman digunakan, dan sudah menyadari perubahan positif pada kulit",None,Terima kasih banyak atas review Anda! Kami senang mengetahui bahwa produk kami dapat membantu kulit Anda yang kering dan sensitif. Niacinamide di dalam produk kami memiliki manfaat yang luar biasa dalam meningkatkan kecantikan kulit. Jangan ragu untuk menghubungi kami jika Anda membutuhkan bantuan atau informasi lebih lanjut. Kami akan selalu senang membantu Anda!,
Positif,N/A,Mencerahkan kulit tanpa membuatnya menjadi putih kehilangan keseimbangannya,Tidak ada,"Terima kasih atas ulasan positif Anda tentang produk sunscreen kami, kami senang mendengar bahwa Anda puas dengan wanginya, tekstur, dan manfaat produk kami. Kami senang Anda akan terus menggunakan produk kami. Kami akan terus berusaha untuk memberikan produk yang terbaik bagi Anda dan pelanggan kami lainnya. Btw, jika Anda memiliki pertanyaan atau masukan lainnya, jangan ragu untuk menghubungi kami.",
Netral,N/A,Bisa melembabkan muka,"Efektivitas produk terasa tidak optimal di muka pengguna, masih berwajah kusam",Terima kasih sudah memberikan umpan balik tentang produk kami. Kami akan memperhatikan saran Anda dan berusaha untuk meningkatkan kualitas produk kami. Apakah Anda ingin mencoba produk lain yang mungkin lebih sesuai dengan kebutuhan kulit Anda?,
Negatif,Berminyak,Tidak ada perubahan apa2,"Produk tidak work, membuat kulit kusam, ada efek samping jerawat","Terima kasih atas review Anda. Mohon maaf bahwa produk kami tidak sesuai dengan harapan Anda. Kami akan meningkatkan kualitas produk kami agar lebih baik di masa depan. Untuk Anda yang memiliki kulit berminyak, kami sarankan untuk mencoba produk kami lainnya yang dirancang khusus untuk jenis kulit seperti itu. Silakan hubungi kami untuk informasi lebih lanjut.",
Positif,N/A,Mencerahkan,None,"Terima kasih telah menggunakan produk sunblock kami! Kami senang mendengar bahwa Anda merasakan kebaikan dari produk kami, terutama dalam hal mencerahkan. Kami ingin menegaskan bahwa produk kami dirancang untuk menyerap dengan baik ke kulit, sehingga Anda tidak perlu khawatir tentang kelembaban yang berlebihan. Kami berharap Anda akan terus menggunakan produk kami dan merasakan manfaatnya secara lebih baik. Jika Anda memiliki pertanyaan atau kebutuhan lebih lanjut, jangan ragu untuk menghubungi kami!",
Positif,N/A,"Membuat kulit terlihat cerah dan sehat, ringan dan mudah meresap, memiliki wangi jeruk yang menyenangkan",None,"Terima kasih telah memilih produk sunscreen kami! Kami senang menyediakan solusi yang aman dan efektif untuk melindungi kulit Anda. Jika Anda memiliki pertanyaan atau masukan, jangan ragu untuk menghubungi kami!",
Netral,N/A,"Produk ini bagus menurut pengguna, membuat kulit pengguna tidak terlalu berdampak dengan perubahan",Tekstur produk yang kurang disukai,"Terima kasih atas review Anda! Kami senang mendengar bahwa Anda menikmati produk kami. Untuk tekstur yang kurang Anda sukai, kami akan memperhatikan ini di versi produk selanjutnya. Apakah Anda memiliki saran lebih lanjut tentang produk yang dapat kami lakukan untuk meningkatkan pengalaman Anda?",
Positif,N/A,"Menghilangkan bekas jerawat dan memberikan efek memudarnya, serta memiliki wangian segar alami",Teksturnya kental dan agak lama meresapnya,"Terima kasih telah membaca dan menggunakan produk kami! Kami senang mendengar bahwa Anda merasakan hasil yang bagus dari produk kami. Untuk masalah tekstur yang kental, kami memiliki beberapa tips untuk membantu meresapnya lebih cepat. Silakan hubungi kami melalui live chat atau email untuk mendapatkan informasi lebih lanjut. Kami menghargai kesetiaan Anda sebagai pelanggan kami dan akan terus berusaha untuk meningkatkan produk kami untuk kenyamanan Anda.",
Positif,N/A,Glowing dan meningkatkan kualitas kulit,None,Terima kasih telah memilih produk Azarine! Kami senang kamu merasakan manfaat dari produk kami. Kami akan terus berusaha untuk meningkatkan kualitas produk kami untuk kamu dan para pelanggan lainnya. Mohon terus memberikan umpan balik yang konstruktif untuk meningkatkan pengalaman belanja di sini.,
Positif,N/A,"Mengurangi garis kulit, mengencangkan kulit, dan tekstur yang mudah meresap ke kulit",None,"Terimakasih telah memilih produk kami! Kami senang mendengar bahwa produk kami telah membantu mengurangi garis kulit dan mengencangkan kulit kulit Anda. Kami berkomitmen untuk menggunakan bahan-bahan alami dalam produk kami, sehingga Anda dapat merasa lebih aman dan nyaman menggunakan produk kami.",
Positif,N/A,"Bisa menyerap dengan baik, tidak lengket, dan membuat wajah lembap",None,Terima kasih atas review positif Anda tentang produk sunblock kami! Kami senang Anda puas dengan tekstur dan manfaat produk kami. Kami berkomitmen untuk terus meningkatkan kualitas produk kami untuk Anda. Selamat mencoba produk lainnya yang mungkin sesuai dengan kebutuhan kulit Anda!,
Positif,N/A,Mencapai efek cerah dan lembab pada wajah tanpa menyebabkan breakout,None,Terima kasih sudah memilih produk kami! Kami senang Anda puas dengan hasil yang Anda rasakan. Ulasan positif Anda sangat berarti bagi kami.,
Positif,N/A,"Tidak lengket, affordable, tidak membuat kulit iritasi, serta aman dan telah disetujui oleh BPOM",None,Terima kasih telah memilih produk kami. Kami senang kamu puas dengan kualitas Sunscreen kami. Semoga produk kami dapat menjadi pilihan Anda seterusnya!,
Positif,sensitif,mencerahkan dan melembabkan kulit serta aman digunakan,None,"Terima kasih atas ulasan Anda yang sangat positif! Kami senang serum Azarine yang Anda gunakan dapat memenuhi kebutuhan kulit Anda yang sensitif. Kami akan terus meningkatkan kualitas produk untuk Anda dan kembali menjelaskan apa BPOM itu: Badan Pengawas Obat dan Makanan adalah dinas pemerintah yang bertanggung jawab untuk mengawasi keamanan dan kualitas obat dan makanan di Indonesia. Pada produk kulit, hal ini berarti bahwa produk yang kita rilis telah melewati uji kualitas terlebih dahulu sebelum diluncur untuk umum.",
Positif,N/A,"Bantuan kerja sunscreen yang lebih baik, melembabkan, dan tidak menyebabkan reaksi berlebihan",None,Terima kasih sudah menggunakan produk kami dan membagikan ulasan positif! Kami senang kamu merasa puas dengan peningkatan kinerja sunscreenmu. Kami akan terus berusaha untuk membuat produk yang lebih baik untuk kamu dan semua pemilik kulit yang unik lainnya.,
Positif,N/A,Membuat kulit cerah dan memberikan hasil yang cepat,None,Terima kasih atas penilaiannya yang sangat baik! Kami senang produk sunscreen kami telah membantu membuat kulit Anda lebih cerah. Kami selalu berusaha untuk menyediakan kualitas terbaik untuk produk kami. Terus berbelanja di Azarine!,
Positif,Sensitive,"Melembapkan, membantu mencerahkan kulit",Kurang banyak isinya,"Terima kasih atas ulasan Anda! Kami senang produk sunscreen kami dapat membantu melembapkan dan mencerahkan kulit Anda. Kami memahami kekhawatiran Anda tentang ketersediaan produk, dan kami akan mempertimbangkan penambahan kapasitas produksi untuk masa depan. Saran Anda sangat berharga bagi kami, dan kami berharap Anda akan terus menggunakan produk kami dan mencoba berbagai opsi lainnya yang menanti Anda.",
Positif,Sensitif,Membuat kulit lebih cerah,None,"{'message': 'Terima kasih atas review Anda, kami senang mendengar bahwa produk kami telah membantu membuat kulit Anda lebih cerah! Kami sangat senang Anda puas dengan produk kami dan kami berharap Anda dapat terus menggunakan produk kami untuk kebutuhan kulit Anda di masa depan. Saya ingin memastikan bahwa Anda menikmati pengalaman berbelanja di toko online kami. Jika Anda memiliki pertanyaan atau komentar lainnya, jangan ragu untuk menghubungi kami!', 'nama': 'Aza', 'tanggapan': True}",
Positif,"kusam, nggak rata, banyak bekas jerawat","mencerahkan, kulit mulus, cerah",None,"Terima kasih telah memilih produk kami! Kami senang mengetahui bahwa serum mungil kami berhasil membuat kulit Anda lebih cerah dan mulus. Jika Anda memiliki pertanyaan atau memerlukan bantuan lebih lanjut, silakan hubungi kami.",
Positif,N/A,"Cerah, melembabkan, memudarkan bekas jerawat",None,Terima kasih telah memilih Azarine untuk kembali ke kulit yang seharusnya! Kami senang mendengar bahwa Anda merasakan perubahan pada kulit Anda setelah menggunakan Azarine Vit. C Serum. Kami akan terus mengembangkan produk-produk kami untuk memenuhi kebutuhan Anda. Teruslah menjaga kulit Anda dengan baik dan tunggu produk-produk baru kami!,
Positif,"jerawat, kering","mencerahkan, membantu menyembuhkan bekas jerawat","packaging masih plastik dan rawan tumpah, efek mencerahkan tidak terlalu kuat","Terima kasih telah memilih serum Azarine! Kami senang mendengar bahwa produk kami telah membantu meningkatkan kecerahan dan mengurangi bekas jerawat. Kami memahami kekhawatiran Anda tentang packaging kami dan berkomitmen untuk meningkatkan kemasan kami di masa depan. Terima kasih atas umpan balik yang bermanfaat, ini membantu kami memperbaiki produk kami untuk meningkatkan pengalaman pengguna.",
Positif,berminyak,mengatasi bekas jerawat yang susah hilang,None,"Terima kasih sudah memilih produk kami, Azarine! Kami senang mendengar bahwa serum C White sudah membantu menghilangkan bekas jerawatmu. Kami akan terus mengembangkan produk yang lebih baik untuk kenyamanan Anda. Suka berkunjung kembali!",
Positif,N/A,Membuat kulit lembab dan bersih,None,Terima kasih banyak atas review positif Anda! Kami senang mendengar bahwa Serum Azarine membantu kulit Anda menjadi lebih lembab dan bersih. Kami berharap Anda terus menggunakan produk kami dan kami akan terus mencari cara untuk meningkatkan kualitas produk kami. 😊,
Positif,N/A,"melembabkan, bikin alus, cepet meresap",harum nya agak strong,Terima kasih atas ulasan positif Anda tentang produk sunscreen kami! Kami senang Anda menemukan tekstur yang sesuai dengan keinginan Anda. Mohon maaf atas kekuatan aroma yang dirasakan. Kami akan mempertimbangkan untuk menyesuaikan aroma produk kami di masa depan. Kami akan selalu berusaha untuk meningkatkan kualitas produk kami untuk Anda.,
Positif,N/A,kayak manfaat yang dirasakan pelanggan adalah kulit menjadi kenyal dan halus,None,Terima kasih atas ulasan Anda! Kami senang mendengar bahwa produk sunscreen kita telah membantu membuat kulit Anda lebih kenyal dan halus. Kami juga berharap Anda menikmati hasilnya setelah mengombinasikan produk tersebut dengan night moisturizer kita. Teruslah menggunakan produk kita dan jangan ragu untuk menghubungi kami jika Anda memiliki pertanyaan atau kekhawatiran lainnya.,
Positif,kulit dengan noda bekas jerawat,mencerahkan kulit dan menghilangkan noda bekas jerawat,None,"Kami sangat senang mendengar bahwa Anda puas dengan kinerja produk C-white lightening. Kami berharap Anda akan terus menggunakan produk kami dan melihat hasil yang lebih baik lagi. Jika Anda memiliki pertanyaan atau keluhan, jangan ragu untuk menghubungi kami.",
Positif,,mencerahkan kulit dan melembapkan kulit,None,"Terima kasih telah memilih produk kami, Serum Azarine CWhite! Kami senang mendengar bahwa Anda puas dengan wanginya dan manfaatnya pada kulit. Jika Anda memiliki pertanyaan atau saran lain, jangan ragu untuk menghubungi kami.",
Positif,N/A,Cepat menyerap dan melembabkan kulit,None,Saya senang mendengar bahwa Anda suka dengan efek serum sunscreen Azarine! Kami akan terus berusaha untuk memberikan produk yang terbaik untuk kulit Anda. Silakan terus menggunakan dan kami tunggu saran Anda untuk dapat meningkatkan kualitas produk kami.,
Positif,all skin type,klinik sehat dan glowing,None,"Terima kasih telah menggunakan produk kami Azarine! Kami senang mendengar bahwa Anda merasakan manfaat dari produk kita. Untuk informasi tambahan, produk kami telah dirancang untuk kompatibilitas dengan berbagai jenis kulit. Jika Anda memiliki pertanyaan atau kebutuhan lebih lanjut, jangan ragu untuk menghubungi kami.",
Positif,N/A,Pemutih wajah,None,Terima kasih telah menggunakan produk sunblock Azarine. Kami senang mendengar bahwa Anda merasakan hasil yang positif dari produk kami. Silakan terus menggunakan produk kami dan beritahu kami jika Anda memiliki masalah atau pertanyaan lain.,
Positif,N/A,Membuat kulit lebih cerah dan glowing,None,Terima kasih atas review positif Anda untuk serum sunscreen kami! Kami senang melihat kulit Anda semakin cerah dan glowing setelah menggunakan produk ini. Kami sangat menghargai kepercayaan Anda dalam memilih produk kami.,
Positif,N/A,Mencerahkan,None,Terima kasih atas ulasan Anda tentang produk serum kami! Kami senang tahu bahwa produk kami telah membantu meningkatkan kecerahan wajah Anda. Kami akan terus berusaha untuk meningkatkan kualitas produk kami untuk memberikan hasil yang lebih baik lagi.,
Negatif,Normal to kering,Tidak mengatasi permasalahan kulit dan tidak mengganggu kulit,Tidak memberikan hasil yang diharapkan dan mengakibatkan kulit menjadi lembab/plump,Terima kasih telah membagikan pengalaman Anda dengan produk kami. Kami berusaha untuk memberikan solusi terbaik untuk semua jenis kulit. Kami sarankan Anda untuk menghubungi kami langsung untuk mendapatkan rekomendasi produk yang lebih sesuai dengan kebutuhan kulit Anda.,
Positif,bertekstur kombinasi,Produk sunblock nyaman digunakan dan memiliki wangi yang menyenangkan,Packaging tidak stabil dan mudah jatuh,"Terima kasih telah memilih produk kami, kami senang mendengar bahwa Anda menyukai wangi dan tekstur produk kita. Kami juga memahami kekhawatiran Anda tentang packaging, kami sedang mengembangkan desain yang lebih stabil dan aman. Anda bisa tetap yakin menggunakan produk kami dan dapat menghubungi kami jika Anda memiliki pertanyaan atau kekhawatiran lainnya.",
Positif,N/A,Menghilangkan kantung di wajah dan membersihkan wajah sehingga terlihat cerah,None,"Terima kasih telah mencoba produk sunscreen kami! Kami senang mendengar bahwa produk kami membantu memberikan perubahan positif pada wajah Anda. Jika Anda memiliki pertanyaan atau kebutuhan lebih lanjut, jangan ragu untuk bertanya. Kami selalu siap membantu.",
Positif,kering,"Membuat kulit terlihat cerah, melembabkan, serta dapat menghilangkan noda hitam.",None,Terima kasih atas-review Anda yang sangat positif! Kami senang mendengar bahwa produk Lightening Serum Azarine membantu Anda mencapai hasil yang diinginkan. Kami akan terus berusaha untuk meningkatkan kualitas produk kami sehingga dapat memenuhi kebutuhan setiap pelanggan. Saya berharap Anda terus menjalani percintaan dengan produk kami!,
Positif,N/A,Mempudarkan flek hitam dan membuat wajah cerah bersih dan glowing,None,Terima kasih telah membagikan pengalaman positif mengenai produk sunscreen kami. Kami senang dapat membantu Anda mencapai kulit yang cerah dan bersih. Kami akan terus berusaha untuk meningkatkan kualitas kami untuk Anda!,
Positif,jerawatan,"Merawat jerawat, menghilangkan keringnya, dan membuat kulit merata",None,Terimakasih sudah mencoba produk skincare kami dari Azarine. Kami senang sekali mendengar bahwa produk kami membantu mengatasi jerawat dan membuat kulit Anda merata. Kami akan terus berusaha untuk meningkatkan kualitas produk kami agar dapat memberikan manfaat maksimum bagi Anda. Sampai jumpa lagi!,
Netral,Kering (berdasarkan 'bruntusan milia'),"Lebih lembab, wanginya tidak terlalu kuat, teksturnya kental dan mudah meresap",Timbulnya bruntusan milia setelah menggunakan produk,"Terima kasih atas review Anda! Kami sedih mendengar Anda mengalami masalah kulit setelah menggunakan produk kami. Jika Anda ingin, kami akan membantu Anda dengan melakukan pengembalian atau mengganti produk. Silakan hubungi kami di customer.service@azarine.com agar kami bisa membantu Anda lebih lanjut.",
Positif,"berminyak/kering (diindra sebagai 'muka gosong' setelah bermain di pantai, mungkin karena kulit sensitif)","Mencerahkan kulit, melembabkan, dan membantu menyembuhkan kulit yang kering atau gosong",None,"Dear [Customer], terima kasih atas review yang Anda berikan untuk produk Sunscreen Azarine! Kami senang mengetahui bahwa Anda merasa puas dengan aroma dan kinerja produk kami. Kami mengerti bahwa Anda memiliki kulit yang sensitif dan kami berkomitmen untuk menjadi pilihan yang tepat bagi Anda. Terus menggunakan produk kami dan jangan ragu untuk menghubungi kami jika Anda memiliki pertanyaan atau saran! ❤️ Best, Azarine Team.",
Positif,sensitif,"bersih, menghilangkan bekas jerawat hitam, dan kulit tetap aman",None,{'isi': 'Terima kasih sudah berbagi pengalaman positif Anda dengan produk sunscreen kami. Kami senang Anda menikmati hasil penggunaan produk kami dan kulit Anda lebih bersih dan sehat. Kami akan terus meningkatkan kualitas produk kami untuk memberikan pengalaman yang lebih baik bagi konsumen kami. Teruslah menggunakan produk kami dan jangan ragu untuk meminta bantuan kami jika Anda memerlukan.'},
Positif,N/A,"Membuat kulit lebih lembut, cerah, dan tidak lengket",None,"Terima kasih sudah menggunakan produk kami C White Lightening Serum dan menyampaikan review yang membantu. Kami senang mengetahui bahwa produk kami cocok untuk kulit Anda yang sensitif. Untuk informasi lebih lanjut tentang produk kami atau pertanyaan lainnya, silakan hubungi kami melalui media sosial kami atau langsung ke kontak resmi kami.",
Positif,sensitif,"mengontrol minyak berlebih, mencerahkan, aman untuk kulit",None,Terima kasih telah meninggalkan ulasan yang menyenangkan tentang produk kami Serum Satu! Kami senang sekali bahwa produk kami dapat membantu Anda mengatasi masalah kulit sensitif Anda. Kami juga senang bahwa produk kami dapat dinikmati oleh kaum pelajar. Kami akan terus bekerja keras untuk mengembangkan produk yang lebih baik lagi untuk Anda. Terima kasih kembali atas kepercayaan Anda!,
Positif,N/A,"Berdasarkan review, manfaat utama yang dirasakan pelanggan adalah serum ini dapat membantu mencerdahi wajah dan mengontrol sebum.",None,"Terima kasih telah membagikan pengalaman Anda dengan Serum Azarine! Kami senang bahwa Anda merasa puas dengan hasilnya. Untuk mencerdahi wajah dan mengontrol sebum, pastikan Anda menggunakan produk secara rutin dan seimbang dengan kebutuhan kulit Anda. Selalu ada Azarine di sini untuk membantu Anda!",
Positif,N/A,Mengurangi dark spot dan membuat kulit sehat tanpa kering,None,"Terima kasih atas review positif Anda tentang Azarine Sunscreen kami! Kami senang produk kami berhasil memberikan manfaat pada kulit Anda. Dark spot adalah salah satu masalah kulit yang umum, dan kami senang bisa membantu menanganinya. Terus menjadi konsumen setia kami dan nikmati kulit sehat yang Anda inginkan!",
Positif,sensitif,"Tidak lengket, cepat resap, bau yang tidak menyengat dan mengurangi bekas-bekas jerawat",None,Terima kasih telah mencoba produk Azarine! Kami senang bahwa produk kami dapat memenuhi kebutuhan kulit sensitif Anda dan memberikan hasil yang positif. Kami akan terus berusaha untuk meningkatkan kualitas produk kami agar dapat menemukan solusi yang lebih baik untuk Anda.,
Positif,N/A,Dapat membantu mencerahkan kulit,None,"Terima kasih telah mencoba rangkaian vitamin C milik Azarine! Kami senang sekali mendengar bahwa produk kami telah membantu menambah kecerahan kulit Anda. Jika Anda memiliki pertanyaan atau memerlukan bantuan, jangan ragu untuk menghubungi kami. Kami selalu siap untuk membantu!",
Positif,N/A,"produk sunscreen dapat menutrisi, mencerahkan, meresap dengan cepat, ringan, dan dapat diapply dengan mudah",None,"{'text': 'Terima kasih telah memilih produk kami Azarine! Kami senang mengetahui bahwa Anda puas dengan produk kami. Kami akan terus meningkatkan kualitas produk kami untuk memenuhi kebutuhan Anda. Silakan menghubungi kami jika Anda memiliki pertanyaan atau saran.', 'name': 'Admin Azarine'}",
Positif,sensitif,Cerahi wajah dan ringan,None,"Terima kasih sudah mencoba produk kami! Kami senang produk kami dapat membantu cerahi wajah Anda. Jika Anda memiliki pertanyaan atau membutuhkan bantuan, silakan hubungi kami.",
Positif,sensitif,"Sunnblock yang memiliki tekstur baik, cepat menyerap, dan memberikan finishing glowing","Kemasan yang terlalu besar lubang botolnya, mudah tumpah atau masuk kotoran"," Terima kasih sudah memilih Azarin sebagai pilihan sunnblock Anda! Kami senang mendengar bahwa produk kami cocok untuk kulit sensitif Anda. Kami juga mengerti keluhan Anda tentang kemasan, kami akan memperbaiki hal tersebut agar lebih baik di masa depan. Mohon terus memberikan umpan balik untuk kami!",
Positif,N/A,"Sunscreen ini ringan, tidak lengket, dan bisa mereduksi flek serta memudahkan kulit lebih cerah.",None,"Terima kasih sudah memilih produk kami! Kami senang kamu menikmati hasilnya. Jika kamu memiliki pertanyaan atau kebutuhan lebih lanjut, jangan ragu untuk bertanya kepada kami. Kami akan selalu setia mendukung perawatan kulit kamu yang sehat dan cerah!",
Positif,N/A,"Meresap cepat, mereduksi noda hitam, membuat kulit terlihat lebih sehat, serta botol yang tidak mudah rusak.",None,"Terima kasih sudah mencoba produk Sunscreen kami! Kami senang mendengar bahwa Anda telah merasakan manfaat dari produk kami. Jika Anda memiliki pertanyaan atau saran, jangan ragu untuk menghubungi kami. Kami akan senang membantu!",
Positif,N/A,Mencerahkan kulit dan mengurangi pigmentasi,None,"Terima kasih telah memesan produk kami! Kami senang tahu bahwa Anda suka dengan aroma dan efek produk sunscreen kami. Kami senang mendengar bahwa produk kami bisa membantu mencerahkan kulit Anda dan mengurangi pigmentasi. Jika Anda memiliki pertanyaan atau membutuhkan bantuan tambahan, jangan ragu untuk menghubungi kami.",
Positif,N/A,"mencerahkan kulit, ringan, harga ramah",None,Terima kasih telah memberikan ulasan yang positif tentang serum kami! Kami senang sekali Anda merasa puas dengan kineranya. Kami akan terus bekerja untuk meningkatkan kualitas produk kami untuk memenuhi kebutuhan Anda. Selamat lanjutnya hari Anda!,
Positif,N/A,Tidak iritasi dan tidak jerawat; wanginya enak,None,Terima kasih telah memesan produk sunscreen kami. Kami senang Anda menyukai wanginya dan tidak menimbulkan masalah pada kulit Anda. Kami mohon kesempatan membantu Anda lagi jika Anda membutuhkan informasi atau dukungan lebih lanjut.,
Positif,N/A,Hasil dan tekstur produk yang baik,Aroma produk kurang disukai,"Terima kasih atas ulasan Anda! Kami senang bahwa Anda menikmati hasil dan tekstur produk kami. Kami memahami bahwa aroma produk mungkin tidak sesuai dengan preferensi Anda, namun kami berusaha untuk memiliki variasi aroma yang cukup untuk memenuhi kebutuhan pelanggan. Kami akan terus berusaha untuk menjadikan produk kami lebih baik lagi. Saya senang dapat membantu jika Anda memiliki pertanyaan atau saran lainnya!",
Positif,N/A,Membuat kulit lebih cerah dan lembab.,None,"Terima kasih atas ulasan Anda! Kami senang bahwa Anda merasakan hasil yang positif dengan menggunakan produk kami. Untuk informasi lebih lanjut atau untuk memastikan bahwa Anda mendapatkan pengalaman terbaik dari produk kami, jangan ragu untuk menghubungi kami di [kotlin support email address]. Kami senang membantu!",
Positif,N/A,Mencerahkan kulit dan memberikan nutrisi,None,Terima kasih atas review Anda! Kami senang Anda menikmati hasil pemakaian serum Azarine. Kami akan terus berusaha untuk memberikan produk berkualitas dengan bahan alami yang aman dan efektif.,
Positif,N/A,"Membantu proses pembentukan kolagen pada kulit, mengurangi kerutan halus, dan membuat kulit terasa kenyal, segar dan cerah",None,"Terima kasih atas ulasannya, kami senang mendengar bahwa serum kami telah membantu menunjang kesehatan kulit Anda! Semoga Anda menyenangi hasilnya. Jika Anda memiliki pertanyaan atau memiliki kebutuhan khusus, jangan ragu hubungi kami.",
Positif,N/A,Mencerahkan kulit dengan nutrisi alami,None,Terima kasih telah memilih produk Azarine! Kami senang mengetahui bahwa Anda merasakan manfaat mencerahkan kulit dengan nutrisi alami dari produk kami. Kami akan terus berkomitmen untuk memberikan produk yang baik bagi kulit Anda.,
Positif,N/A,Wajah tampak lebih cerah.,None,"Terima kasih atas ulasan positif Anda tentang serum kami! Kami senang bahwa Anda merasakan perbedaan dengan menggunakan serum kami. Untuk informasi lebih lanjut atau pertanyaan, jangan ragu untuk menghubungi kami.",
Positif,N/A,Membuat wajah lebih cerah dan segar,None,Terima kasih telah memilih produk kami! Kami senang mendengar bahwa produk kami telah membantu membuat wajah Anda lebih cerah dan segar. Kami berharap Anda dapat terus menggunakan produk kami dan mendapatkan hasil yang baik lagi. Semangat terus untuk memiliki wajah yang sehat dan cantik!,
Positif,N/A,Membantu memudarkan noda bekas jerawat dan memberikan kulit yang lebih cerah dan sehat,None,Terima kasih telah menggunakan produk C Whitening serum dari Azarineg! Kami senang mendengar bahwa Anda telah mencapai hasil yang memuaskan. Kami akan terus meningkatkan kualitas produk untuk memastikan bahwa Anda selalu merasa puas dengan hasilnya. Lanjutkan menjadi klien setia kami!,
Positif,N/A,"Mencerahkan kulit, membuat kulit lembut, menghilangkan hitam di kulit",None,"Terima kasih telah memilih produk Azarine, kami senang melihat Anda menikmati hasil dari penggunaan produk kami. Kami senang jika Anda puas dengan packaging produk kami juga. Jika Anda memiliki pertanyaan atau butuh bantuan lebih lanjut, jangan ragu untuk menghubungi kami.",
Positif,N/A,Produk dapat menghilangkan flek2 hitam bekas jerawat dan membuat wajah bersih,Tidak ada,Terima kasih atas ulasan positif Anda! Kami senang produk kami dapat membantu membuat wajah Anda lebih bersih. Kami akan terus bekerja untuk memastikan kualitas produk kami tinggi.,
Positif,N/A,"Flek hitam di wajah berkurang dan wajah tampak lebih cerah, sehat, dan bernutrisi",None,Terima kasih telah menggunakan produk serum kami! Kami senang bahwa Serum kami dapat membantu memudarkan flek hitam dan memberikan hasil yang diinginkan. Kami berharap Anda akan terus menggunakan produk kami dan berbagi pengalaman Anda dengan teman-teman. Selamat mencoba produk lain dari kami!,
Positif,N/A,Membuat kulit lebih cerah dan aromanya disukai,None,"Terima kasih banyak telah memilih produk kami. Kami senang Anda merasakan perbedaan positif dalam menggunakan produk kami. Jika Anda memiliki pertanyaan atau kebutuhan tambahan, jangan ragu untuk bertanya. Kami selalu siap membantu.",
Positif,N/A,"Membuat kulit glowing, cerah, kenyal",None,"Terima kasih telah memilih produk kami! Kami senang mendengar bahwa Anda telah menemukan serum yang sesuai dengan kebutuhan kulit Anda. Jika Anda memiliki pertanyaan atau perlu bantuan lebih lanjut, jangan ragu untuk menghubungi kami. Kami selalu siap membantu Anda.",
Positif,N/A,Membuat wajah lebih cerah dan lembab,None,Terima kasih atas review positif Anda terhadap serum kami. Kami senang mendengar bahwa produk kami telah membantu membuat kulit Anda lebih cerah dan lembab. Kami akan terus berupaya untuk meningkatkan kualitas produk kami untuk mendukung kebutuhan Anda.,
Positif,berminyak,mencerahkan wajah,None,Terima kasih telah memilih c white lightening serum Azarine untuk skincare Anda! Kami senang mendengar bahwa produk kita telah membantu mencerahkan wajah Anda. Jangan ragu untuk meminta saran atau konsultasi skincare Anda dengan kami melalui media sosial resmi kami. Selamat mencoba produk lainnya!,
Positif,N/A,"Produk ini cocok untuk kulit, tekstur yang enak, dan wangi yang disukai",None,Terima kasih telah menggunakan produk sun screen Azarine. Kami senang Anda puas dengan tekstur dan wangi yang kami sediakan. Kami akan terus berusaha untuk memberikan produk yang memuaskan bagi Anda.,
Positif,N/A,"Menghasilkan kulit yang cerah, sehat, dan kenyal",None,"Halo [Nama Pelanggan], terima kasih telah menggunakan produk Lightening Serum Azarine! Kami sangat senang mendengar bahwa Anda menemukan produk kami efektif bagi kebutuhan kulit Anda. Kami berkomitmen untuk terus meningkatkan kualitas produk kami untuk memenuhi kebutuhan Anda. Jika Anda memiliki pertanyaan atau kebutuhan yang lebih lanjut, jangan ragu untuk menghubungi kami. Terima kasih atas kepercayaan Anda!",
Positif,kering,Mencerahkan wajah dan melembabkan kulit,N/A,Terima kasih atas review positif Anda terhadap produk sunscreen kami! Kami sangat senang bahwa Anda menemukan hasil yang memuaskan dengan tekstur serum yang ringan dan aman digunakan setiap hari. Kami akan terus berusaha untuk memberikan produk berkualitas tinggi untuk Anda dan pelanggan lainnya.,
Positif,N/A,"Produk mudah menyerap, tidak lengket, dan membuat kulit nyenyak setelah tidur",None,"Selamat atas pilihan Anda untuk menggunakan produk kami! Kami senang kamu menikmati produk kita dan mendapatkan hasil yang baik. Untuk kebutuhan skincare sehari-hari, kami sarankan untuk menggunakan produk kita secara teratur dan menyertakan diet seimbang. Jika kamu memiliki pertanyaan atau membutuhkan saran lebih lanjut, jangan ragu untuk menghubungi kami.",
Positif,N/A,produk sunscreen nyeri ke kulit dan tidak lengket,None,"Terima kasih telah memilih produk kami, Azarine! Kami senang melihat Anda menyukai manfaat vitamin C dalam serum kami. Jika Anda memiliki pertanyaan atau kebutuhan lebih lanjut, jangan ragu untuk menghubungi kami. Kami berkomitmen untuk memberikan pengalaman yang luar biasa bagi setiap pelanggan kami.",
Positif,N/A,"mencerahkan, wangi banget, lembap, mencegah kulit kering",None,"Terima kasih atas saran Anda! Kami senang mendengar bahwa serum Azarine berhasil memberikan hasil yang baik untuk kulit Anda. Untuk keamanan dan kebersihan kulit, pastikan untuk menggunakan serum dalam waktu yang tepat dan mengikuti instruksi penggunaan yang telah ditentukan.",
Positif,N/A,"Tekstur tidak lengket, mudah menyerap, wangi yang enak",None,"Terima kasih telah menulis ulasan tentang produk kami! Kami senang Anda menemukan produk kami sesuai dengan kebutuhan Anda. Kami berharap Anda terus bisa menggunakan produk kami dan mendapatkan hasil yang baik. Jika Anda memiliki pertanyaan atau membutuhkan bantuan, jangan ragu untuk menghubungi kami.",
Positif,N/A,"Produk membuat kulit lebih halus, cerah, dan terjaga nutrisi",None,Terima kasih atas review positif Anda tentang produk serumsunscreen dari Azarine! Kami senang melihat bahwa Anda telah menikmati hasil yang baik setelah menggunakan produk ini. Kami akan terus berusaha untuk menyediakan produk berkualitas terbaik untuk Anda dan semua pelanggan kami. Segera datang lagi ke Azarine untuk menemukan produk skincare Anda selanjutnya!,
Positif,N/A,Membuat kulit lebih cerahan dan glowing,None,"Terima kasih sudah mencoba produk Sunscreen Azarine! Kami senang Anda menyukainya! Untuk menjaga kulit lebih cerah dan glowing, kami sarankan menggunakan produk secara teratur dan tidak membawa produk ke dalam ruangan. Jika Anda memiliki pertanyaan atau saran untuk kami, jangan ragu untuk menghubungi kami!",
Positif,N/A,Produk ini membuat muka menjadi kenyel dan glowing,None,"Terima kasih atas ulasan Anda! Kami senang mendengar bahwa Anda puas dengan hasil produk sunscreen kami. Kami berharap Anda akan terus menggunakan produk kami dan menikmati manfaatnya. Jika Anda memiliki pertanyaan atau permintaan, jangan ragu untuk menghubungi kami.",
Positif,sensitif,produk cocok untuk kulit sensitif,menyerap agak lama dan perlu waktu lama untuk mencerahkan,"Terima kasih atas review Anda! Kami senang Anda puas dengan produk kami. Apabila Anda memiliki masalah dengan proses menyerap produk, kami sarankan mencoba metode aplikasi yang benar. Untuk mencerahkan, kami merekomendasikan menggunakan produk secara rutin dan konsisten. Jika Anda memiliki pertanyaan lain, jangan ragu untuk menghubungi kami!",
Positif,N/A,"Tampilan kulit yang lembab, glowing, bersih dan segar",None,"Terima kasih telah mencoba serum Azarine! Kami senang mendengar bahwa Anda telah merasakan efek positif dari produk kami. Anda dapat terus menggunakan serum kami untuk menjaga kulit Anda tetap sehat dan bercahaya. Jika Anda memiliki pertanyaan atau kekhawatiran, jangan ragu untuk menghubungi kami. Selamat berkebun!",
Positif,"berminyak, sensitif",cenderung membuat kulit lebih cerah,None,Terima kasih sudah memilih Azarine! Kami senang ketika produk kami membantu Anda mendapatkan kulit yang lebih cerah. Kita akan terus berusaha untuk meningkatkan kualitas produk kami. Selamat mencoba produk lainnya!,
Positif,N/A,"Cerah, seger, mudah menyerap, tidak menyebabkan breakout, lembab, dan kesehatan kulit",None,Selamat atas pilihan Anda untuk mencoba produk sunscreen kami! Kami senang informasi bahwa produk kami telah membantu Anda mencapai hasil yang diinginkan. Kami terus berusaha untuk memberikan produk yang berkualitas tinggi dan aman digunakan bagi semua jenis kulit. Terima kasih telah memilih Azarine sebagai brand kosmetik Anda.,
Positif,N/A,"['Mengurangi acne', 'Menghaluskan kulit', 'Meningkatkan kesehatan kulit']",Tidak ada efek brightening yang terasa,"Terima kasih telah melakukan review atas produk kami. Kami senang mendengar bahwa produk kami telah membantu mengurangi acne dan membuat kulit Anda lebih halus. Kami mengerti bahwa Anda belum merasakan efek brightening, dan kami akan terus meningkatkan kualitas produk kami untuk memberikan hasil yang lebih optimal. Saya senang akan Anda dan akan membantu Anda untuk memulihkan keputusan Anda untuk membeli produk kami lain kali.",
Netral,N/A,mencerahkan dan melembabkan,wanginya terlalu nyengat,"Terima kasih sudah mencoba produk kami! Kami senang Anda merasakan beberapa manfaat dari produk kami, seperti tekstur yang lembab dan sedikit mencerahkan. Kami juga memahami bahwa Anda tidak menyukai aroma kami. Kami akan mempertimbangkan untuk menyesuaikan aroma produk kami di masa depan. Jika Anda memiliki saran atau kritik, silakan hubungi kami melalui media sosial kami.",tidak mempengaruhi
Positif,"berdasarkan teks, tidak ada spesifikasi jenis kulit, namun bisa disimpulkan kulit pelanggan dianggap baik untuk produk sunscreen ini (N/A)","produk sunscreen ini cepat nyerap, tidak lengket, dan non sticky formula",aroma fragrance yang terlalu kuat,Terima kasih sudah mencoba produk kami! Kami senang mendengar bahwa Anda merasa produk kami nyerap dan tidak lengket. Kami juga memahami bahwa aroma fragrance kami mungkin tidak cocok untuk semua orang. Kami akan berusaha meningkatkan produk kami agar aroma kami lebih lembut. Semoga produk kami dapat membantu Anda mencerahkan kulit Anda pada jangka panjang. Terima kasih atas umpan balik Anda!,
Positif,N/A,Mengurangi flek dan berminyak pada wajah,None,Saya senang kamu menyukai produk sunscreen kami! Mengurangi flek dan berminyak memang salah satu kelebihan produk kami. Kami senang bisa membantu kamu menjaga kulit kamu terlihat cerah dan sehat. Terima kasih sudah memilih produk kami dan pastikan kamu akan terus menggunakan produk kami untuk mendapatkan hasil yang optimal.,
Positif,N/A,"Tekstur yang mudah menyerap, tidak lengket, dan harga yang terjangkau",N/A,"Terima kasih telah membagikan pendapat Anda tentang produk serum kami. Kami senang mendengar bahwa produk kami dapat memberikan manfaat yang baik untuk Anda. Sekali lagi, terima kasih atas kepercayaan Anda dalam memilih produk kami!",
Positif,N/A,tidak lengket pas tidur,None,"Terima kasih atas ulasan Anda! Kami senang untuk mendengar bahwa Anda puas dengan performa produk kami. Kami akan terus berupaya untuk meningkatkan kualitas produk kami. Untuk informasi lebih lanjut tentang produk kami, silakan hubsungi kami melalui kontak di website kami.",
Positif,N/A,Memudar bekas jerawat,None,"Terima kasih telah memilih produk kami! Kami senang mendengar bahwa Anda telah mengalami progres positif dengan menggunakan Azarine. Jangan ragu untuk terus menjaga kulit Anda agar tetap sehat dan bahagia 😊. Apabila Anda memiliki pertanyaan atau membutuhkan bantuan lebih lanjut, silakan hubungi kami.",
Positif,N/A,"Membuat kulit wajah lembut, kenyal, dan cerah",None,"Terimakasih atas ulasan Anda. Sama-sama, Senyum Azarine!",
Positif,N/A,"Menghasilkan kulit yang mulus, cerah, dan memiliki efek glowing.",None,"Terima kasih telah memilih Azarine sebagai produk sunscreen favorit Anda! Kami senang mendengar bahwa Anda puas dengan hasilnya. Untuk mendapatkan hasil yang optimal, Pastikan Anda menggunakannya secara rutin sebagaimana Anda lakukan. Jika Anda memiliki pertanyaan atau kebutuhan lebih lanjut, jangan ragu untuk menghubungi kami. Terima kasih atas kepercayaan Anda pada Azarine!",
Positif,N/A,"Muka lebih cerah, sehat dan glowing karena kulit lebih seimbang.",None,Terima kasih telah membagikan pengalaman positif Anda dengan produk kami! Kami senang Anda merasakan efek baik dari produk sunscreen kami. Kami akan terus berusaha untuk memberikan produk terbaik untuk perawatan kulit Anda.,
Positif,Tidak diketahui,"Mencerahkan kulit, membuat bekas bekas memudar, dan meningkatkan kesehatan kulit",None,Terima kasih untuk pengalaman positif Anda dengan produk kami! Kami senang mengetahui bahwa produk kami telah membantu mencerahkan kulit Anda. Kami akan terus berusaha untuk meningkatkan kualitas produk kami dalam masa-masa mendatang.,
